"id","title","source","category","location","featured","symbols"
"gallery:ev-thermal-management","EV Thermal Management System","gallery","Systems","web/src/examples.ts#ev-thermal-management","true","cond;dp_2phase;fin_efficiency;htc_1phase;htc_cond;htc_evap;htc_extair;hx_aconv;hx_area_direct;hx_area_indirect;hx_eta_surf;hx_fin_len;sqrt;ua_hx;LiquidMixer;LiquidOrifice;LiquidPump;LiquidSink;LiquidSource;LiquidWallHX;MassGen;Pump;ThermalSource;TwoPhaseCompressor;TwoPhaseCondenserFloat;TwoPhaseEvaporatorUA;TwoPhaseMixer;TwoPhasePressureSource;TwoPhaseSink"
"gallery:pressure-cooker","Pressure Cooker (transient)","gallery","Systems","web/src/examples.ts#pressure-cooker","true","BoilingVessel;Convection;Ground;HeatingResistor;ProportionalReliefValve;ThermalMass;TwoPhasePressureSink;VoltageSource"
"gallery:pump-sizing","Pump Sizing","gallery","Mechanical","web/src/examples.ts#pump-sizing","true",""
"gallery:projectile-motion","Projectile Motion","gallery","Mechanics","web/src/examples.ts#projectile-motion","true","cos;sin"
"gallery:heat-conduction","Heat Conduction","gallery","Heat Transfer","web/src/examples.ts#heat-conduction","true",""
"gallery:ideal-gas","Ideal Gas Law","gallery","Thermodynamics","web/src/examples.ts#ideal-gas","true",""
"gallery:dc-circuit","DC Circuit","gallery","Electrical","web/src/examples.ts#dc-circuit","true",""
"gallery:rankine-cycle","Rankine Cycle","gallery","Thermodynamics","web/src/examples.ts#rankine-cycle","true","enthalpy;entropy;volume"
"gallery:thermo-compliance","Real-Fluid Thermodynamics Compliance","gallery","Thermodynamics","web/src/examples.ts#thermo-compliance","false","stagnationpres;stagnationtemp;compressibilityfactor;volume"
"gallery:state-tables-multifluid","Multi-Fluid State Tables","gallery","Thermodynamics","web/src/examples.ts#state-tables-multifluid","false","enthalpy"
"gallery:tank-draining","Tank Draining (ODE)","gallery","Fluids","web/src/examples.ts#tank-draining","true","integral;sqrt"
"gallery:newton-cooling","Newton's Cooling (ODE)","gallery","Heat Transfer","web/src/examples.ts#newton-cooling","false","integral"
"gallery:projectile-trajectory","Projectile Trajectory (table)","gallery","Mechanics","web/src/examples.ts#projectile-trajectory","true","cos;sin;sqrt"
"gallery:damped-oscillator","Damped Oscillator (table)","gallery","Mechanics","web/src/examples.ts#damped-oscillator","false","cos;exp;sin;sqrt"
"gallery:karman-rocket","Sounding Rocket to the Kármán Line","gallery","Aerospace","web/src/examples.ts#karman-rocket","false","ln;sqrt"
"gallery:newton-cooling-transient","Newton Cooling (Transient)","gallery","Heat Transfer","web/src/examples.ts#newton-cooling-transient","false","finalvalue;maxvalue;odevalue;timeat"
"gallery:transient-heat-rod","Transient Heat Rod (method of lines)","gallery","Heat Transfer","web/src/examples.ts#transient-heat-rod","false","finalvalue;odevalue"
"gallery:damped-oscillator-ode","Damped Oscillator (2-state)","gallery","Mechanics","web/src/examples.ts#damped-oscillator-ode","false","finalvalue;odevalue"
"gallery:sounding-rocket-trajectory","Sounding Rocket Trajectory (loss-accurate)","gallery","Aerospace","web/src/examples.ts#sounding-rocket-trajectory","false","exp;finalvalue;if;maxvalue;odevalue"
"gallery:partial-fractions","Partial Fractions (Laplace)","gallery","Control Systems","web/src/examples.ts#partial-fractions","false","tf"
"gallery:cruise-control","Cruise Control System Design","gallery","Control Systems","web/src/examples.ts#cruise-control","true","bode;feedback;margin;nyquist;series;ss2tf;pole;zero"
"gallery:multi-output-destructuring","Multi-Output Functions (array-language-style)","gallery","Control Systems","web/src/examples.ts#multi-output-destructuring","false","bode;ss2tf;tf2ss"
"gallery:step-impulse-response","Step & Impulse Response","gallery","Control Systems","web/src/examples.ts#step-impulse-response","false","impulse;lsim;step;pole"
"gallery:controller-design-lqr-pid","Controller Design (LQR & PID)","gallery","Control Systems","web/src/examples.ts#controller-design-lqr-pid","false","lqr;pidtune;pole"
"gallery:estimator-gramian-balreal","Estimator, Gramians & Balanced Realization","gallery","Control Systems","web/src/examples.ts#estimator-gramian-balreal","false","balreal;gram;lqe"
"gallery:control-analysis-report","Control Analysis Report","gallery","Control Systems","web/src/examples.ts#control-analysis-report","false","bode;margin;nyquist;step;pole;zero"
"gallery:root-locus-analysis","Root Locus Analysis","gallery","Control Systems","web/src/examples.ts#root-locus-analysis","false","rlocus;pole;zero"
"gallery:heisler-transient","Transient Conduction (Heisler)","gallery","Heat Transfer","web/src/examples.ts#heisler-transient","false","heisler_q;heisler_temp"
"gallery:nichols-chart","Nichols Chart Presentation (Slide)","gallery","Control Systems","web/src/examples.ts#nichols-chart","false","nichols"
"gallery:routh-stability","Routh-Hurwitz Stability","gallery","Control Systems","web/src/examples.ts#routh-stability","false","routh"
"gallery:inverse-laplace-residue","Inverse Laplace (Residues)","gallery","Control Systems","web/src/examples.ts#inverse-laplace-residue","false","residue"
"gallery:digital-control-c2d","Digital Control: Discretization","gallery","Control Systems","web/src/examples.ts#digital-control-c2d","false","c2d"
"gallery:radiation-view-factors","Radiation View Factors","gallery","Heat Transfer","web/src/examples.ts#radiation-view-factors","true","viewfactor_disks;viewfactor_perp;viewfactor_plates"
"gallery:material-conduction","Conduction (Material Database)","gallery","Heat Transfer","web/src/examples.ts#material-conduction","false","k_"
"gallery:engine-map-2d","Engine Map (2-D Interpolation)","gallery","Powertrain","web/src/examples.ts#engine-map-2d","true","interpolate2d"
"gallery:multi-objective-beam","Multi-Objective Beam Design (Pareto)","gallery","Optimization","web/src/examples.ts#multi-objective-beam","true","rho_;E_"
"gallery:driving-cycle-energy","Driving-Cycle Energy (Parametric)","gallery","Powertrain","web/src/examples.ts#driving-cycle-energy","false","integralvalue;tableavg"
"gallery:rankine-cycle#2","Rankine Cycle","gallery","Thermodynamics","web/src/examples.ts#rankine-cycle","true","enthalpy;entropy;volume"
"gallery:brayton-cycle","Brayton Cycle","gallery","Thermodynamics","web/src/examples.ts#brayton-cycle","true",""
"gallery:otto-cycle","Otto Cycle","gallery","Thermodynamics","web/src/examples.ts#otto-cycle","false",""
"gallery:refrigeration-vcr","Refrigeration Cycle","gallery","Thermodynamics","web/src/examples.ts#refrigeration-vcr","true","enthalpy;entropy"
"gallery:cd-nozzle-shock","Nozzle with a Normal Shock","gallery","Aerospace","web/src/examples.ts#cd-nozzle-shock","true","m2_shock;mach_a_astar;p0_p;p02_p01_shock;p2_p1_shock;t0_t"
"gallery:hx-effectiveness-ntu","Heat Exchanger (Effectiveness-NTU)","gallery","Heat Transfer","web/src/examples.ts#hx-effectiveness-ntu","true","hx_effectiveness;lmtd;max;min"
"gallery:cubic-eos-properties","Cubic-EOS Real-Gas Properties","gallery","Thermodynamics","web/src/examples.ts#cubic-eos-properties","false","eos_density;eos_enthalpy;eos_psat;eos_volume;eos_z"
"gallery:engine-cycle-wiebe","Engine Cycle (Wiebe Heat Release)","gallery","Powertrain","web/src/examples.ts#engine-cycle-wiebe","true","cos;maxvalue;odevalue;sin;sqrt;wiebe_rate;Engine"
"gallery:adiabatic-flame-temp","Adiabatic Flame Temperature","gallery","Thermodynamics","web/src/examples.ts#adiabatic-flame-temp","true","adiabaticflametemp"
"gallery:ev-battery-cooling-pid","EV Battery Cooling with Closed-Loop EXV Control","gallery","Systems","web/src/examples.ts#ev-battery-cooling-pid","true","finalvalue;odevalue;tanh;enthalpy;BatteryPack;Chiller;CurrentSource;EXV;EXVCmd;Ground;LiquidSink;LiquidSource;LiquidWallHX;SigConstant;SigPID;SigThermalProbe;TwoPhasePressureSink"
"help-cycle:ideal-rankine","Power Cycles: Ideal Rankine Steam Power Cycle","help-cycle","Help cycles","web/src/helpExamples.ts#ideal-rankine","false","enthalpy;entropy;volume"
"help-cycle:reheat-rankine","Power Cycles: Reheat Rankine Cycle with Moisture Limit","help-cycle","Help cycles","web/src/helpExamples.ts#reheat-rankine","false","enthalpy;entropy;volume"
"help-cycle:reheat-regen-rankine","Power Cycles: Ideal Reheat-Regenerative Rankine Cycle, English Units","help-cycle","Help cycles","web/src/helpExamples.ts#reheat-regen-rankine","false","enthalpy;entropy;volume"
"help-cycle:cogeneration-plant","Power Cycles: Cogeneration Plant with Regeneration","help-cycle","Help cycles","web/src/helpExamples.ts#cogeneration-plant","false","enthalpy;entropy;volume"
"help-cycle:binary-geothermal","Power Cycles: Binary Geothermal Plant with Isobutane","help-cycle","Help cycles","web/src/helpExamples.ts#binary-geothermal","false",""
"help-cycle:brayton-irreversible","Gas Turbines: Simple Brayton Cycle with Irreversibilities","help-cycle","Help cycles","web/src/helpExamples.ts#brayton-irreversible","false",""
"help-cycle:brayton-cold-air-standard","Gas Turbines: Simple Brayton Cycle, Cold-Air-Standard","help-cycle","Help cycles","web/src/helpExamples.ts#brayton-cold-air-standard","false",""
"help-cycle:auto-gas-turbine","Gas Turbines: Automotive Gas Turbine with Regenerator","help-cycle","Help cycles","web/src/helpExamples.ts#auto-gas-turbine","false",""
"help-cycle:brayton-regen-variable-cp","Gas Turbines: Brayton Cycle with Regeneration and Variable Specific Heats","help-cycle","Help cycles","web/src/helpExamples.ts#brayton-regen-variable-cp","false","enthalpy;entropy;temperature"
"help-cycle:combined-cycle","Energy Systems: Combined Brayton–Rankine Cycle through an HRSG","help-cycle","Help cycles","web/src/helpExamples.ts#combined-cycle","false","enthalpy;entropy;volume"
"help-cycle:cd-nozzle-shock","Aerospace: Supersonic Nozzle with a Normal Shock at the Exit","help-cycle","Help cycles","web/src/helpExamples.ts#cd-nozzle-shock","false","sqrt"
"help-cycle:co2-nozzle-throat","Compressible Flow: CO₂ Nozzle Throat Velocity","help-cycle","Help cycles","web/src/helpExamples.ts#co2-nozzle-throat","false","sqrt;cp;cv"
"help-cycle:orbit-kepler","Aerospace: Orbital Position from Kepler's Equation","help-cycle","Help cycles","web/src/helpExamples.ts#orbit-kepler","false","arctan;cos;sin;sqrt;tan"
"help-cycle:pipe-network","Fluid Mechanics: Parallel Pipe Network with Colebrook Friction","help-cycle","Help cycles","web/src/helpExamples.ts#pipe-network","false","log10;sqrt"
"help-cycle:open-channel-jump","Water Resources: Manning Flow, Critical Depth & Hydraulic Jump","help-cycle","Help cycles","web/src/helpExamples.ts#open-channel-jump","false","sqrt"
"help-cycle:pelton-turbine","Turbomachinery: Pelton Wheel (Impulse Turbine) Design","help-cycle","Help cycles","web/src/helpExamples.ts#pelton-turbine","false","cos;sqrt"
"help-cycle:ev-longitudinal","Vehicle Dynamics: EV Longitudinal Road-Load, Power & Range","help-cycle","Help cycles","web/src/helpExamples.ts#ev-longitudinal","false","cos;sin"
"help-cycle:ev-lateral","Vehicle Dynamics: Lateral Bicycle Model & Understeer Gradient","help-cycle","Help cycles","web/src/helpExamples.ts#ev-lateral","false","sqrt"
"help-cycle:ev-sizing","EV Powertrain: Motor & Battery Sizing (acceleration, gradeability, range)","help-cycle","Help cycles","web/src/helpExamples.ts#ev-sizing","false","cos;max;sin"
"help-cycle:ev-battery-pack","EV Powertrain: Battery Pack Design & Cell Selection (Batemo database)","help-cycle","Help cycles","web/src/helpExamples.ts#ev-battery-pack","false",""
"help-cycle:ev-regen","Vehicle Dynamics: Regenerative Braking Energy Recovery","help-cycle","Help cycles","web/src/helpExamples.ts#ev-regen","false",""
"help-cycle:ev-drive-cycle","Vehicle Dynamics: Combined Drive-Cycle Consumption & Range","help-cycle","Help cycles","web/src/helpExamples.ts#ev-drive-cycle","false",""
"help-cycle:fcev-sizing","EV Powertrain: Hydrogen Fuel-Cell Vehicle (FCEV) Sizing & Range","help-cycle","Help cycles","web/src/helpExamples.ts#fcev-sizing","false",""
"help-cycle:ev-fast-charge","EV Powertrain: DC Fast Charging Time, C-rate & Grid Energy","help-cycle","Help cycles","web/src/helpExamples.ts#ev-fast-charge","false",""
"help-cycle:hev-power-split","EV Powertrain: Parallel Hybrid (HEV) Power Split","help-cycle","Help cycles","web/src/helpExamples.ts#hev-power-split","false",""
"help-cycle:cell-to-pack-density","EV Powertrain: Cell-to-Pack Mass & Gravimetric Energy Density","help-cycle","Help cycles","web/src/helpExamples.ts#cell-to-pack-density","false",""
"help-cycle:truss-stiffness","Structural Analysis: Plane Truss by the Direct Stiffness Method","help-cycle","Help cycles","web/src/helpExamples.ts#truss-stiffness","false","SolveLinear"
"help-cycle:radiation-enclosure","Heat Transfer: 3-Surface Radiation Enclosure with a Reradiating Wall","help-cycle","Help cycles","web/src/helpExamples.ts#radiation-enclosure","false",""
"help-cycle:auto-cooling-loop","Thermal/Automotive: Radiator + Pump + Fan Cooling Loop (EG50 coolant)","help-cycle","Help cycles","web/src/helpExamples.ts#auto-cooling-loop","false","min;cp;density;FanCurve"
"help-cycle:load-flow","Power Systems: Two-Bus AC Power Flow (Newton–Raphson Load Flow)","help-cycle","Help cycles","web/src/helpExamples.ts#load-flow","false","cos;sin"
"help-cycle:reforming-equilibrium","Chemical Engineering: Coupled Reforming + Water-Gas-Shift Equilibrium","help-cycle","Help cycles","web/src/helpExamples.ts#reforming-equilibrium","false",""
"help-cycle:pid-pole-placement","Control Systems: PID Design by Pole Placement","help-cycle","Help cycles","web/src/helpExamples.ts#pid-pole-placement","false","exp;sqrt"
"help-cycle:partial-fraction-real","Control Systems: Partial-Fraction Expansion (Real Poles)","help-cycle","Help cycles","web/src/helpExamples.ts#partial-fraction-real","false","tf"
"help-cycle:partial-fraction-complex","Control Systems: Partial Fractions with a Complex Pole Pair","help-cycle","Help cycles","web/src/helpExamples.ts#partial-fraction-complex","false","tf"
"help-cycle:tf-to-ss","Control Systems: Transfer Function to State Space","help-cycle","Help cycles","web/src/helpExamples.ts#tf-to-ss","false","tf2ss"
"help-cycle:ss-to-tf","Control Systems: State Space to Transfer Function","help-cycle","Help cycles","web/src/helpExamples.ts#ss-to-tf","false","ss2tf"
"help-cycle:first-order-poles-zeros","Control Systems: Poles & Zeros of a First-Order System","help-cycle","Help cycles","web/src/helpExamples.ts#first-order-poles-zeros","false","pole;tf2zp;zero"
"help-cycle:underdamped-poles","Control Systems: Complex Poles of an Underdamped System","help-cycle","Help cycles","web/src/helpExamples.ts#underdamped-poles","false","pole"
"help-cycle:thirdorder-poles-zeros","Control Systems: Poles & Zeros of a Third-Order System","help-cycle","Help cycles","web/src/helpExamples.ts#thirdorder-poles-zeros","false","pole;zero"
"help-cycle:zpk-feedback","Control Systems: Zero-Pole-Gain to TF and Unity Feedback","help-cycle","Help cycles","web/src/helpExamples.ts#zpk-feedback","false","feedback;pole;zp2tf"
"help-cycle:parallel-interconnect","Control Systems: Parallel Interconnection of Blocks","help-cycle","Help cycles","web/src/helpExamples.ts#parallel-interconnect","false","parallel"
"help-cycle:second-order-step","Control Systems: Second-Order Step Response & Metrics","help-cycle","Help cycles","web/src/helpExamples.ts#second-order-step","false","exp;sqrt;step"
"help-cycle:impulse-response","Control Systems: Impulse & Step Response","help-cycle","Help cycles","web/src/helpExamples.ts#impulse-response","false","impulse;step"
"help-cycle:forced-response-lsim","Control Systems: Forced Response to an Arbitrary Input (lsim)","help-cycle","Help cycles","web/src/helpExamples.ts#forced-response-lsim","false","lsim"
"help-cycle:bode-response","Control Systems: Bode Frequency Response","help-cycle","Help cycles","web/src/helpExamples.ts#bode-response","false","bode;log10"
"help-cycle:gain-phase-margin","Control Systems: Gain & Phase Margins","help-cycle","Help cycles","web/src/helpExamples.ts#gain-phase-margin","false","bode;margin;series"
"help-cycle:nyquist-stability","Control Systems: Nyquist Diagram & Stability","help-cycle","Help cycles","web/src/helpExamples.ts#nyquist-stability","false","margin;nyquist"
"help-cycle:closed-loop-position-servo","Control Systems: Closed-Loop Position Servo (series + feedback)","help-cycle","Help cycles","web/src/helpExamples.ts#closed-loop-position-servo","false","feedback;series;step;pole"
"help-cycle:pid-auto-tune","Control Systems: PID Auto-Tuning by Loop Shaping","help-cycle","Help cycles","web/src/helpExamples.ts#pid-auto-tune","false","margin;pidtune;series"
"help-cycle:pole-placement","Control Systems: Pole Placement by State Feedback","help-cycle","Help cycles","web/src/helpExamples.ts#pole-placement","false","place;pole"
"help-cycle:lqr-regulator","Control Systems: LQR Optimal State-Feedback Regulator","help-cycle","Help cycles","web/src/helpExamples.ts#lqr-regulator","false","lqr;pole"
"help-cycle:control-analysis-report","Control Systems: End-to-End Analysis Report","help-cycle","Help cycles","web/src/helpExamples.ts#control-analysis-report","false","bode;margin;nyquist;step;pole;zero"
"help-cycle:inhour-equation","Nuclear Engineering: Stable Reactor Period from the Inhour Equation","help-cycle","Help cycles","web/src/helpExamples.ts#inhour-equation","false","sum"
"help-cycle:paris-fatigue","Materials Engineering: Fatigue Life by Integrating the Paris Law","help-cycle","Help cycles","web/src/helpExamples.ts#paris-fatigue","false","integral;sqrt"
"help-cycle:ammonia-refrigeration","HVAC & Refrigeration: Ammonia Refrigeration Cycle COP","help-cycle","Help cycles","web/src/helpExamples.ts#ammonia-refrigeration","false",""
"help-cycle:face-bypass-control","HVAC & Refrigeration: Face and Bypass Control Load","help-cycle","Help cycles","web/src/helpExamples.ts#face-bypass-control","false","enthalpy"
"help-cycle:solar-heat-gain","HVAC & Refrigeration: Solar Heat Gain Through Windows","help-cycle","Help cycles","web/src/helpExamples.ts#solar-heat-gain","false",""
"help-cycle:enthalpy-wheel","HVAC & Refrigeration: Enthalpy Wheel Heat Recovery","help-cycle","Help cycles","web/src/helpExamples.ts#enthalpy-wheel","false",""
"help-cycle:run-around-cycle","HVAC & Refrigeration: Run-Around Water Cycle Balance","help-cycle","Help cycles","web/src/helpExamples.ts#run-around-cycle","false",""
"help-cycle:latent-heat-freezing","HVAC & Refrigeration: Specific Heat of Freezing","help-cycle","Help cycles","web/src/helpExamples.ts#latent-heat-freezing","false",""
"help-cycle:psychrometric-balancing","HVAC & Refrigeration: Psychrometric Room Balancing","help-cycle","Help cycles","web/src/helpExamples.ts#psychrometric-balancing","false","enthalpy;wetbulb"
"help-cycle:pumping-friction-head","HVAC & Refrigeration: Pumping and Friction Head","help-cycle","Help cycles","web/src/helpExamples.ts#pumping-friction-head","false",""
"help-cycle:air-supply-wetbulb","HVAC & Refrigeration: Air Supply Wet-Bulb Determination","help-cycle","Help cycles","web/src/helpExamples.ts#air-supply-wetbulb","false","enthalpy;wetbulb"
"help-cycle:multistage-food-freezing","HVAC & Refrigeration: Multi-Stage Food Freezing","help-cycle","Help cycles","web/src/helpExamples.ts#multistage-food-freezing","false",""
"help-cycle:siyavula-correlation","Statistics: Linear Correlation (Siyavula Grade 12 Table & Curve Fit)","help-cycle","Help cycles","web/src/helpExamples.ts#siyavula-correlation","false",""
"help-cycle:ode-decay","Differential Equations (ODE): Radioactive Decay — ode1 (Euler)","help-cycle","Help cycles","web/src/helpExamples.ts#ode-decay","false",""
"help-cycle:ode-rc","Differential Equations (ODE): RC Circuit Charging — ode2 (Heun)","help-cycle","Help cycles","web/src/helpExamples.ts#ode-rc","false",""
"help-cycle:ode-reaction","Differential Equations (ODE): First-Order Reaction A→B — ode3","help-cycle","Help cycles","web/src/helpExamples.ts#ode-reaction","false",""
"help-cycle:ode-rl","Differential Equations (ODE): RL Circuit Decay — ode4 (RK4)","help-cycle","Help cycles","web/src/helpExamples.ts#ode-rl","false",""
"help-cycle:ode-cooling","Differential Equations (ODE): Newton Cooling — ode5","help-cycle","Help cycles","web/src/helpExamples.ts#ode-cooling","false",""
"help-cycle:ode-parachutist","Differential Equations (ODE): Falling Parachutist (linear drag) — ode45","help-cycle","Help cycles","web/src/helpExamples.ts#ode-parachutist","false",""
"help-cycle:ode-tank","Differential Equations (ODE): Draining Tank (Torricelli) — ode23","help-cycle","Help cycles","web/src/helpExamples.ts#ode-tank","false","sqrt"
"help-cycle:ode-logistic","Differential Equations (ODE): Logistic Population Growth — ode45","help-cycle","Help cycles","web/src/helpExamples.ts#ode-logistic","false",""
"help-cycle:ode-quadratic-drag","Differential Equations (ODE): Terminal Velocity (quadratic drag) — ode45","help-cycle","Help cycles","web/src/helpExamples.ts#ode-quadratic-drag","false",""
"help-cycle:ode-msd","Differential Equations (ODE): Mass-Spring-Damper (underdamped) — ode45","help-cycle","Help cycles","web/src/helpExamples.ts#ode-msd","false",""
"help-cycle:ode-shm","Differential Equations (ODE): Undamped Oscillator (energy check) — ode4","help-cycle","Help cycles","web/src/helpExamples.ts#ode-shm","false",""
"help-cycle:ode-pendulum","Differential Equations (ODE): Simple Pendulum (small angle) — ode5","help-cycle","Help cycles","web/src/helpExamples.ts#ode-pendulum","false",""
"help-cycle:ode-rlc","Differential Equations (ODE): Series RLC Circuit (underdamped) — ode23","help-cycle","Help cycles","web/src/helpExamples.ts#ode-rlc","false",""
"help-cycle:ode-lotka","Differential Equations (ODE): Lotka–Volterra Predator–Prey — ode45","help-cycle","Help cycles","web/src/helpExamples.ts#ode-lotka","false","ln"
"help-cycle:ode-tanks","Differential Equations (ODE): Coupled Mixing Tanks — ode23","help-cycle","Help cycles","web/src/helpExamples.ts#ode-tanks","false",""
"help-cycle:ode-orbit","Differential Equations (ODE): Two-Body Circular Orbit — ode45","help-cycle","Help cycles","web/src/helpExamples.ts#ode-orbit","false","sqrt"
"help-cycle:ode-stiff-linear","Differential Equations (ODE): Classic Stiff Linear ODE — ode15s","help-cycle","Help cycles","web/src/helpExamples.ts#ode-stiff-linear","false","exp"
"help-cycle:ode-vanderpol","Differential Equations (ODE): Van der Pol Oscillator (stiff) — ode23s","help-cycle","Help cycles","web/src/helpExamples.ts#ode-vanderpol","false",""
"help-cycle:ode-robertson","Differential Equations (ODE): Robertson Chemical Kinetics (stiff) — ode23s","help-cycle","Help cycles","web/src/helpExamples.ts#ode-robertson","false",""
"help-cycle:ode-chain","Differential Equations (ODE): Stiff Reaction Chain A→B→C — ode15s","help-cycle","Help cycles","web/src/helpExamples.ts#ode-chain","false",""
"default-boot","Default boot","boot","Onboarding","web/src/defaultExample.ts","false",""
"docs/advanced_solving.md:1","Definite integration","guide-fence","Guide snippet","web/src/docs/advanced_solving.md:7","false","integral"
"docs/advanced_solving.md:2","The ODE feedback pattern (scalar, first-order)","guide-run","Guide snippet","web/src/docs/advanced_solving.md:15","false","integral;sqrt"
"docs/advanced_solving.md:3","Transient / ODE Systems (DYNAMIC)","guide-fence","Guide snippet","web/src/docs/advanced_solving.md:33","false",""
"docs/advanced_solving.md:4","Coupled two-state example","guide-run","Guide snippet","web/src/docs/advanced_solving.md:67","false","finalvalue;odevalue"
"docs/advanced_solving.md:5","Parametric sweeps","guide-fence","Guide snippet","web/src/docs/advanced_solving.md:90","false",""
"docs/advanced_solving.md:6","Sweep example","guide-fence","Guide snippet","web/src/docs/advanced_solving.md:97","false","sin"
"docs/architecture_deployment.md:1","Headless CLI (`frees-cli`)","guide-fence","Guide snippet","web/src/docs/architecture_deployment.md:41","false",""
"docs/architecture_deployment.md:2","Building and Running","guide-fence","Guide snippet","web/src/docs/architecture_deployment.md:79","false",""
"docs/architecture_deployment.md:3","Production Build","guide-fence","Guide snippet","web/src/docs/architecture_deployment.md:114","false",""
"docs/components.md:1","Default authoring style","guide-fence","Guide snippet","web/src/docs/components.md:10","false","Pipe;Source"
"docs/components.md:2","Water through a pipe","guide-run","Guide snippet","web/src/docs/components.md:20","false","Pipe;Sink;Source"
"docs/components.md:3","Named outputs","guide-fence","Guide snippet","web/src/docs/components.md:46","false","Compressor"
"docs/components.md:4","Style 1 — connect statements","guide-fence","Guide snippet","web/src/docs/components.md:65","false",""
"docs/components.md:5","Mixing and closing a loop","guide-fence","Guide snippet","web/src/docs/components.md:77","false",""
"docs/components.md:6","Mixing and closing a loop","guide-fence","Guide snippet","web/src/docs/components.md:85","false",""
"docs/components.md:7","Style 2 — shared stream names (advanced)","guide-fence","Guide snippet","web/src/docs/components.md:96","false","Pipe;Sink;Source"
"docs/components.md:8","Boundary conditions","guide-fence","Guide snippet","web/src/docs/components.md:110","false",""
"docs/components.md:9","The signal domain: causal command wires","guide-fence","Guide snippet","web/src/docs/components.md:225","false","EXVCmd;SigSine;Valve"
"docs/components.md:10","Fidelity Variants (model$)","guide-fence","Guide snippet","web/src/docs/components.md:294","false","Compressor"
"docs/components.md:11","Writing Your Own Component","guide-run","Guide snippet","web/src/docs/components.md:318","false","temperature;Sink;Source"
"docs/components.md:12","Variants","guide-fence","Guide snippet","web/src/docs/components.md:352","false",""
"docs/components.md:13","Storage components carry the states","guide-fence","Guide snippet","web/src/docs/components.md:378","false","LiquidWallHX;MassGen"
"docs/components.md:14","Scheduling inputs over time","guide-fence","Guide snippet","web/src/docs/components.md:397","false","min"
"docs/components.md:15","From Plant to Controller (LINEARIZE)","guide-fence","Guide snippet","web/src/docs/components.md:416","false",""
"docs/components.md:16","From Plant to Controller (LINEARIZE)","guide-fence","Guide snippet","web/src/docs/components.md:429","false","bode;lqr;ss2tf"
"docs/components.md:17","Cycle overlays on property charts","guide-fence","Guide snippet","web/src/docs/components.md:450","false",""
"docs/diagrams_plots.md:1","XY plot (solved arrays)","guide-fence","Guide snippet","web/src/docs/diagrams_plots.md:7","false",""
"docs/diagrams_plots.md:2","Thermodynamic property plot","guide-fence","Guide snippet","web/src/docs/diagrams_plots.md:19","false",""
"docs/diagrams_plots.md:3","Control-system plot kinds","guide-fence","Guide snippet","web/src/docs/diagrams_plots.md:32","false",""
"docs/diagrams_plots.md:4","Control-system plot kinds","guide-fence","Guide snippet","web/src/docs/diagrams_plots.md:41","false",""
"docs/diagrams_plots.md:5","Control-system plot kinds","guide-fence","Guide snippet","web/src/docs/diagrams_plots.md:49","false",""
"docs/fluids_materials.md:1","Specifying a state","guide-fence","Guide snippet","web/src/docs/fluids_materials.md:14","false","enthalpy;entropy;volume"
"docs/fluids_materials.md:2","Example","guide-fence","Guide snippet","web/src/docs/fluids_materials.md:87","false","k_"
"docs/fluids_materials.md:3","Molar mass","guide-fence","Guide snippet","web/src/docs/fluids_materials.md:104","false",""
"docs/fluids_materials.md:4","Combustion functions","guide-fence","Guide snippet","web/src/docs/fluids_materials.md:115","false",""
"docs/fluids_materials.md:5","Radiation view factors","guide-fence","Guide snippet","web/src/docs/fluids_materials.md:127","false","viewfactor_disks;viewfactor_perp"
"docs/fluids_materials.md:6","Transient conduction (Heisler charts)","guide-fence","Guide snippet","web/src/docs/fluids_materials.md:139","false","heisler_q;heisler_temp"
"docs/fluids_materials.md:7","Worked example","guide-fence","Guide snippet","web/src/docs/fluids_materials.md:177","false","enthalpy;dewpoint;humrat;wetbulb"
"docs/fluids_materials.md:8","Declaring a state table","guide-fence","Guide snippet","web/src/docs/fluids_materials.md:197","false",""
"docs/fluids_materials.md:9","Two-circuit example","guide-fence","Guide snippet","web/src/docs/fluids_materials.md:209","false",""
"docs/getting_started.md:1","1. Your First Solve","guide-run","Guide snippet","web/src/docs/getting_started.md:15","false",""
"docs/getting_started.md:2","2. Thinking Declaratively","guide-fence","Guide snippet","web/src/docs/getting_started.md:44","false",""
"docs/getting_started.md:3","Annotate inputs; read SI results","guide-fence","Guide snippet","web/src/docs/getting_started.md:66","false",""
"docs/getting_started.md:4","4. See It: Tables & Plots","guide-run","Guide snippet","web/src/docs/getting_started.md:89","false",""
"docs/getting_started.md:5","5. Ask Questions: the REPL","guide-fence","Guide snippet","web/src/docs/getting_started.md:117","false","enthalpy"
"docs/getting_started.md:6","6. Wire Components","guide-run","Guide snippet","web/src/docs/getting_started.md:139","false","Pipe;Sink;Source"
"docs/getting_started.md:7","Expressions","guide-fence","Guide snippet","web/src/docs/getting_started.md:200","false","sqrt;enthalpy"
"docs/getting_started.md:8","Matrices, vectors, ranges","guide-fence","Guide snippet","web/src/docs/getting_started.md:211","false","transpose;Inverse;Dot"
"docs/getting_started.md:9","The CALL library (auto-sized outputs)","guide-fence","Guide snippet","web/src/docs/getting_started.md:220","false","bode;routh;Eigenvalues;residue"
"docs/getting_started.md:10","Example","guide-fence","Guide snippet","web/src/docs/getting_started.md:282","false",""
"docs/getting_started.md:11","Curve fit workflow","guide-fence","Guide snippet","web/src/docs/getting_started.md:309","false",""
"docs/journeys.md:1","Journey 1 — A scalar equation with units","guide-run","Guide snippet","web/src/docs/journeys.md:8","false",""
"docs/journeys.md:2","Journey 2 — A component chain","guide-run","Guide snippet","web/src/docs/journeys.md:30","false","Pipe;Sink;Source"
"docs/journeys.md:3","Mixers and closed loops","guide-fence","Guide snippet","web/src/docs/journeys.md:63","false",""
"docs/language_fundamentals.md:1","Built-in constants","guide-fence","Guide snippet","web/src/docs/language_fundamentals.md:29","false",""
"docs/language_fundamentals.md:2","Trigonometric (angles in radians)","guide-fence","Guide snippet","web/src/docs/language_fundamentals.md:43","false","sin"
"docs/language_fundamentals.md:3","Trigonometric (angles in radians)","guide-fence","Guide snippet","web/src/docs/language_fundamentals.md:49","false","atan2"
"docs/language_fundamentals.md:4","Rounding & integer","guide-fence","Guide snippet","web/src/docs/language_fundamentals.md:74","false","floor;round;step"
"docs/language_fundamentals.md:5","Conditional selection & series","guide-fence","Guide snippet","web/src/docs/language_fundamentals.md:89","false","if;sum"
"docs/language_fundamentals.md:6","Statistical distributions","guide-fence","Guide snippet","web/src/docs/language_fundamentals.md:114","false","probability"
"docs/language_fundamentals.md:7","Why guesses matter","guide-fence","Guide snippet","web/src/docs/language_fundamentals.md:156","false","log10;sqrt"
"docs/language_fundamentals.md:8","Worked example","guide-fence","Guide snippet","web/src/docs/language_fundamentals.md:182","false","uncertaintyof"
"docs/language_fundamentals.md:9","Annotating inputs","guide-fence","Guide snippet","web/src/docs/language_fundamentals.md:207","false",""
"docs/language_fundamentals.md:10","Results are SI","guide-fence","Guide snippet","web/src/docs/language_fundamentals.md:216","false",""
"docs/language_fundamentals.md:11","The Convert() function","guide-fence","Guide snippet","web/src/docs/language_fundamentals.md:223","false",""
"docs/language_fundamentals.md:12","Temperature conversions","guide-fence","Guide snippet","web/src/docs/language_fundamentals.md:229","false",""
"docs/language_fundamentals.md:13","Worked example","guide-fence","Guide snippet","web/src/docs/language_fundamentals.md:235","false",""
"docs/language_fundamentals.md:14","The FOR loop = equation expansion","guide-fence","Guide snippet","web/src/docs/language_fundamentals.md:257","false","enthalpy"
"docs/language_fundamentals.md:15","Array helper functions","guide-fence","Guide snippet","web/src/docs/language_fundamentals.md:269","false","arrayelmt"
"docs/language_fundamentals.md:16","Helper functions","guide-fence","Guide snippet","web/src/docs/language_fundamentals.md:294","false","cis"
"docs/language_fundamentals.md:17","String Variables & Functions","guide-fence","Guide snippet","web/src/docs/language_fundamentals.md:308","false","enthalpy"
"docs/matrix_algebra.md:1","Notation","guide-fence","Guide snippet","web/src/docs/matrix_algebra.md:9","false",""
"docs/matrix_algebra.md:2","Examples","guide-fence","Guide snippet","web/src/docs/matrix_algebra.md:22","false","eye;linspace"
"docs/matrix_algebra.md:3","Example: solve a 2×2 system","guide-fence","Guide snippet","web/src/docs/matrix_algebra.md:43","false",""
"docs/matrix_algebra.md:4","Example","guide-fence","Guide snippet","web/src/docs/matrix_algebra.md:67","false","axpy"
"docs/matrix_algebra.md:5","Example: solve a 3×3 system","guide-fence","Guide snippet","web/src/docs/matrix_algebra.md:95","false","SolveLinear"
"docs/programming_logic.md:1","Functions","guide-fence","Guide snippet","web/src/docs/programming_logic.md:9","false",""
"docs/programming_logic.md:2","Functions","guide-fence","Guide snippet","web/src/docs/programming_logic.md:17","false","mod;trunc"
"docs/programming_logic.md:3","Functions","guide-fence","Guide snippet","web/src/docs/programming_logic.md:26","false",""
"docs/programming_logic.md:4","Procedures","guide-fence","Guide snippet","web/src/docs/programming_logic.md:33","false",""
"docs/programming_logic.md:5","Syntax","guide-fence","Guide snippet","web/src/docs/programming_logic.md:58","false",""
"docs/programming_logic.md:6","2-D engine-map example","guide-fence","Guide snippet","web/src/docs/programming_logic.md:92","false","interpolate2d"
"docs/programming_logic.md:7","Example","guide-fence","Guide snippet","web/src/docs/programming_logic.md:143","false","integralvalue;tableavg;tablerun#"
"docs/programming_logic.md:8","Example","guide-fence","Guide snippet","web/src/docs/programming_logic.md:162","false",""
"docs/reference/control/Eigen.md:2","Examples","reference-fence","Reference example","web/src/docs/reference/control/Eigen.md:37","false",""
"docs/reference/control/Eigenvalues.md:2","Examples","reference-fence","Reference example","web/src/docs/reference/control/Eigenvalues.md:39","false",""
"docs/reference/control/EulerRotate.md:2","Examples","reference-fence","Reference example","web/src/docs/reference/control/EulerRotate.md:40","false",""
"docs/reference/control/LUDecompose.md:2","Examples","reference-fence","Reference example","web/src/docs/reference/control/LUDecompose.md:35","false",""
"docs/reference/control/acker.md:2","Examples","reference-fence","Reference example","web/src/docs/reference/control/acker.md:41","false",""
"docs/reference/control/ctrb.md:2","Examples","reference-fence","Reference example","web/src/docs/reference/control/ctrb.md:35","false",""
"docs/reference/control/d2c.md:2","Examples","reference-fence","Reference example","web/src/docs/reference/control/d2c.md:38","false",""
"docs/reference/control/dare.md:2","Examples","reference-fence","Reference example","web/src/docs/reference/control/dare.md:34","false",""
"docs/reference/control/dlqr.md:2","Examples","reference-fence","Reference example","web/src/docs/reference/control/dlqr.md:36","false",""
"docs/reference/control/dlyap.md:2","Examples","reference-fence","Reference example","web/src/docs/reference/control/dlyap.md:35","false",""
"docs/reference/control/errorconst.md:2","Examples","reference-fence","Reference example","web/src/docs/reference/control/errorconst.md:37","false",""
"docs/reference/control/lyap.md:2","Examples","reference-fence","Reference example","web/src/docs/reference/control/lyap.md:35","false",""
"docs/reference/control/mason.md:2","Examples","reference-fence","Reference example","web/src/docs/reference/control/mason.md:38","false",""
"docs/reference/control/obsv.md:2","Examples","reference-fence","Reference example","web/src/docs/reference/control/obsv.md:35","false",""
"docs/reference/control/pade.md:2","Examples","reference-fence","Reference example","web/src/docs/reference/control/pade.md:35","false",""
"docs/reference/control/parallel.md:2","Examples","reference-fence","Reference example","web/src/docs/reference/control/parallel.md:31","false",""
"docs/reference/control/place.md:2","Examples","reference-fence","Reference example","web/src/docs/reference/control/place.md:41","false",""
"docs/reference/control/ss.md:2","Examples","reference-fence","Reference example","web/src/docs/reference/control/ss.md:32","false",""
"docs/reference/control/ss2ss.md:2","Examples","reference-fence","Reference example","web/src/docs/reference/control/ss2ss.md:36","false",""
"docs/reference/control/stepinfo.md:2","Examples","reference-fence","Reference example","web/src/docs/reference/control/stepinfo.md:36","false",""
"docs/reference/control/tf2zp.md:2","Examples","reference-fence","Reference example","web/src/docs/reference/control/tf2zp.md:34","false",""
"docs/reference/control/zp2tf.md:2","Examples","reference-fence","Reference example","web/src/docs/reference/control/zp2tf.md:31","false",""
"docs/reference/interpolation/dtable.md:3","Example 1 — exact slope of a linear table","reference-fence","Reference example","web/src/docs/reference/interpolation/dtable.md:54","false","dtable"
"docs/reference/interpolation/dtable1.md:2","Example 1 — spline slope through y = x²","reference-fence","Reference example","web/src/docs/reference/interpolation/dtable1.md:41","false","dtable;dtable1"
"docs/reference/math/cbrt.md:2","Example 1 — Characteristic length of a cubic volume","reference-fence","Reference example","web/src/docs/reference/math/cbrt.md:40","false","cbrt"
"docs/reference/math/log2.md:2","Example 1 — Bits needed to encode N states","reference-fence","Reference example","web/src/docs/reference/math/log2.md:39","false","log2"
"docs/reference/signal/Convolve.md:2","Example 1 — a small kernel","reference-fence","Reference example","web/src/docs/reference/signal/Convolve.md:38","false","convolve"
"docs/reference/signal/Convolve.md:3","Example 2 — an impulse is the identity","reference-fence","Reference example","web/src/docs/reference/signal/Convolve.md:48","false","convolve"
"docs/reference/signal/Detrend.md:2","Example 1 — a drifting temperature record","reference-fence","Reference example","web/src/docs/reference/signal/Detrend.md:42","false","peakcount;detrend"
"docs/reference/signal/Detrend.md:3","Example 2 — re-centring without flattening","reference-fence","Reference example","web/src/docs/reference/signal/Detrend.md:52","false","detrend"
"docs/reference/signal/FFT.md:2","Example 1 — the transform of a unit impulse is flat","reference-fence","Reference example","web/src/docs/reference/signal/FFT.md:40","false","fft"
"docs/reference/signal/FFT.md:3","Example 2 — a real ramp","reference-fence","Reference example","web/src/docs/reference/signal/FFT.md:50","false","fft"
"docs/reference/signal/FiltFilt.md:2","Example 1 — a constant survives untouched, ends included","reference-fence","Reference example","web/src/docs/reference/signal/FiltFilt.md:45","false","filtfilt"
"docs/reference/signal/FiltFilt.md:3","Example 2 — a symmetric pulse stays symmetric","reference-fence","Reference example","web/src/docs/reference/signal/FiltFilt.md:56","false","filtfilt"
"docs/reference/signal/Filter.md:3","Example 1 — a two-tap moving average as an FIR filter","reference-fence","Reference example","web/src/docs/reference/signal/Filter.md:42","false","filter"
"docs/reference/signal/Filter.md:4","Example 2 — a one-pole low-pass","reference-fence","Reference example","web/src/docs/reference/signal/Filter.md:53","false","filter"
"docs/reference/signal/IFFT.md:2","Example 1 — a flat spectrum inverts to an impulse","reference-fence","Reference example","web/src/docs/reference/signal/IFFT.md:36","false","ifft"
"docs/reference/signal/IFFT.md:3","Example 2 — round trip","reference-fence","Reference example","web/src/docs/reference/signal/IFFT.md:46","false","fft;ifft"
"docs/reference/signal/Smooth.md:2","Example 1 — smoothing a noisy pressure trace","reference-fence","Reference example","web/src/docs/reference/signal/Smooth.md:38","false","smooth"
"docs/reference/signal/Welch.md:2","Example 1 — locating a tone and checking its power","reference-fence","Reference example","web/src/docs/reference/signal/Welch.md:42","false","welch"
"docs/reference/signal/Window.md:2","Example 1 — tapering before a transform","reference-fence","Reference example","web/src/docs/reference/signal/Window.md:43","false","fft;window"
"docs/reference/signal/XCorr.md:2","Example 1 — measuring a one-sample delay","reference-fence","Reference example","web/src/docs/reference/signal/XCorr.md:40","false","xcorr"
"docs/reference/signal/XCorr.md:3","Example 2 — autocorrelation energy","reference-fence","Reference example","web/src/docs/reference/signal/XCorr.md:50","false","xcorr"
"docs/reference/signal/peakcount.md:2","Example 1 — counting cycles","reference-fence","Reference example","web/src/docs/reference/signal/peakcount.md:44","false","peakcount"
"docs/reference/signal/peakcount.md:3","Example 2 — ignoring small excursions","reference-fence","Reference example","web/src/docs/reference/signal/peakcount.md:53","false","peakcount"
"docs/reference/signal/peakindex.md:2","Example 1 — walking the peaks of a trace","reference-fence","Reference example","web/src/docs/reference/signal/peakindex.md:31","false","peakcount;peakindex"
"docs/reference/signal/peakindex.md:3","Example 2 — the interval between the first two peaks","reference-fence","Reference example","web/src/docs/reference/signal/peakindex.md:44","false","peakindex"
"docs/reference/special-functions/besseli.md:2","Examples","reference-fence","Reference example","web/src/docs/reference/special-functions/besseli.md:41","false","besseli"
"docs/reference/special-functions/besseli0.md:2","Examples","reference-fence","Reference example","web/src/docs/reference/special-functions/besseli0.md:28","false","besseli0"
"docs/reference/special-functions/besseli1.md:2","Examples","reference-fence","Reference example","web/src/docs/reference/special-functions/besseli1.md:28","false","besseli1"
"docs/reference/special-functions/besselj.md:2","Examples","reference-fence","Reference example","web/src/docs/reference/special-functions/besselj.md:41","false","besselj"
"docs/reference/special-functions/besselj0.md:2","Examples","reference-fence","Reference example","web/src/docs/reference/special-functions/besselj0.md:28","false","besselj0"
"docs/reference/special-functions/besselj1.md:2","Examples","reference-fence","Reference example","web/src/docs/reference/special-functions/besselj1.md:28","false","besselj1"
"docs/reference/special-functions/besselk.md:2","Examples","reference-fence","Reference example","web/src/docs/reference/special-functions/besselk.md:42","false","besselk"
"docs/reference/special-functions/besselk0.md:2","Examples","reference-fence","Reference example","web/src/docs/reference/special-functions/besselk0.md:29","false","besselk0"
"docs/reference/special-functions/besselk1.md:2","Examples","reference-fence","Reference example","web/src/docs/reference/special-functions/besselk1.md:29","false","besselk1"
"docs/reference/special-functions/bessely.md:2","Examples","reference-fence","Reference example","web/src/docs/reference/special-functions/bessely.md:41","false","bessely"
"docs/reference/special-functions/bessely0.md:2","Examples","reference-fence","Reference example","web/src/docs/reference/special-functions/bessely0.md:29","false","bessely0"
"docs/reference/special-functions/bessely1.md:2","Examples","reference-fence","Reference example","web/src/docs/reference/special-functions/bessely1.md:28","false","bessely1"
"docs/reference/special-functions/beta.md:2","Examples","reference-fence","Reference example","web/src/docs/reference/special-functions/beta.md:37","false","beta"
"docs/reference/special-functions/chebyshevt.md:2","Examples","reference-fence","Reference example","web/src/docs/reference/special-functions/chebyshevt.md:36","false","chebyshevt"
"docs/reference/special-functions/chebyshevu.md:2","Examples","reference-fence","Reference example","web/src/docs/reference/special-functions/chebyshevu.md:37","false","chebyshevu"
"docs/reference/special-functions/digamma.md:2","Examples","reference-fence","Reference example","web/src/docs/reference/special-functions/digamma.md:43","false","digamma"
"docs/reference/special-functions/erf.md:2","Examples","reference-fence","Reference example","web/src/docs/reference/special-functions/erf.md:38","false","erf"
"docs/reference/special-functions/erfc.md:2","Examples","reference-fence","Reference example","web/src/docs/reference/special-functions/erfc.md:38","false","erfc"
"docs/reference/special-functions/erfinv.md:2","Examples","reference-fence","Reference example","web/src/docs/reference/special-functions/erfinv.md:38","false","erfinv"
"docs/reference/special-functions/gamma.md:2","Examples","reference-fence","Reference example","web/src/docs/reference/special-functions/gamma.md:41","false","gamma"
"docs/reference/special-functions/hermiteh.md:2","Examples","reference-fence","Reference example","web/src/docs/reference/special-functions/hermiteh.md:38","false","hermiteh"
"docs/reference/special-functions/laguerrel.md:2","Examples","reference-fence","Reference example","web/src/docs/reference/special-functions/laguerrel.md:38","false","laguerrel"
"docs/reference/special-functions/legendrep.md:2","Examples","reference-fence","Reference example","web/src/docs/reference/special-functions/legendrep.md:41","false","legendrep"
"docs/reference/special-functions/loggamma.md:2","Examples","reference-fence","Reference example","web/src/docs/reference/special-functions/loggamma.md:41","false","loggamma"
"docs/reference/stats/probability.md:2","Example 1 — Coverage within ±1σ","reference-fence","Reference example","web/src/docs/reference/stats/probability.md:38","false","probability"
"docs/symbolic_cas.md:1","Declaring a symbolic variable","guide-fence","Guide snippet","web/src/docs/symbolic_cas.md:16","false",""
"docs/symbolic_cas.md:2","Partial-fraction decomposition","guide-fence","Guide snippet","web/src/docs/symbolic_cas.md:26","false",""
"docs/symbolic_cas.md:3","Automatic residues: residue","guide-fence","Guide snippet","web/src/docs/symbolic_cas.md:38","false","residue"
"docs/symbolic_cas.md:4","Automatic residues: residue","guide-fence","Guide snippet","web/src/docs/symbolic_cas.md:46","false","residue"
"docs/symbolic_cas.md:5","Transfer functions: tf(num, den)","guide-fence","Guide snippet","web/src/docs/symbolic_cas.md:57","false","tf"
"docs/symbolic_cas.md:6","Multi-Output Functions (array-language-style)","guide-fence","Guide snippet","web/src/docs/symbolic_cas.md:93","false","tf2ss"
"docs/symbolic_cas.md:7","Multi-Output Functions (array-language-style)","guide-fence","Guide snippet","web/src/docs/symbolic_cas.md:101","false","bode;svd"
"docs/symbolic_cas.md:8","Multi-Output Functions (array-language-style)","guide-fence","Guide snippet","web/src/docs/symbolic_cas.md:108","false","tf2ss"
"docs/symbolic_cas.md:9","1. State Space to Transfer Function: ss2tf","guide-fence","Guide snippet","web/src/docs/symbolic_cas.md:115","false","ss2tf"
"docs/symbolic_cas.md:10","2. Transfer Function to State Space: tf2ss","guide-fence","Guide snippet","web/src/docs/symbolic_cas.md:120","false","tf2ss"
"docs/symbolic_cas.md:11","3. Zero-Pole-Gain to Transfer Function: zp2tf","guide-fence","Guide snippet","web/src/docs/symbolic_cas.md:125","false","zp2tf"
"docs/symbolic_cas.md:12","4. Transfer Function to Zero-Pole-Gain: tf2zp","guide-fence","Guide snippet","web/src/docs/symbolic_cas.md:130","false","tf2zp"
"docs/symbolic_cas.md:13","1. Series Connection: series","guide-fence","Guide snippet","web/src/docs/symbolic_cas.md:142","false","series"
"docs/symbolic_cas.md:14","2. Parallel Connection: parallel","guide-fence","Guide snippet","web/src/docs/symbolic_cas.md:152","false","parallel"
"docs/symbolic_cas.md:15","3. Feedback Connection: feedback","guide-fence","Guide snippet","web/src/docs/symbolic_cas.md:162","false","feedback"
"docs/symbolic_cas.md:16","1. Padé Approximation: pade","guide-fence","Guide snippet","web/src/docs/symbolic_cas.md:175","false","pade"
"docs/symbolic_cas.md:17","1. Controllability Matrix: ctrb","guide-fence","Guide snippet","web/src/docs/symbolic_cas.md:185","false","ctrb"
"docs/symbolic_cas.md:18","2. Observability Matrix: obsv","guide-fence","Guide snippet","web/src/docs/symbolic_cas.md:191","false","obsv"
"docs/symbolic_cas.md:19","3. Matrix Rank: rank","guide-fence","Guide snippet","web/src/docs/symbolic_cas.md:197","false","rank"
"docs/symbolic_cas.md:20","4. Similarity Transformation: ss2ss","guide-fence","Guide snippet","web/src/docs/symbolic_cas.md:203","false","ss2ss"
"docs/symbolic_cas.md:21","1. Poles: pole","guide-fence","Guide snippet","web/src/docs/symbolic_cas.md:213","false","pole"
"docs/symbolic_cas.md:22","2. Zeros: zero","guide-fence","Guide snippet","web/src/docs/symbolic_cas.md:221","false","zero"
"docs/symbolic_cas.md:23","3. Bode Frequency Response: bode","guide-fence","Guide snippet","web/src/docs/symbolic_cas.md:229","false","bode"
"docs/symbolic_cas.md:24","4. Nyquist Frequency Response: nyquist","guide-fence","Guide snippet","web/src/docs/symbolic_cas.md:237","false","nyquist"
"docs/symbolic_cas.md:25","5. Gain and Phase Margins: margin","guide-fence","Guide snippet","web/src/docs/symbolic_cas.md:245","false","margin"
"docs/symbolic_cas.md:26","6. Root Locus Trajectories: rlocus","guide-fence","Guide snippet","web/src/docs/symbolic_cas.md:253","false","rlocus"
"docs/symbolic_cas.md:27","6. Root Locus Trajectories: rlocus","guide-fence","Guide snippet","web/src/docs/symbolic_cas.md:257","false",""
"docs/symbolic_cas.md:28","7. Routh-Hurwitz Stability: routh","guide-fence","Guide snippet","web/src/docs/symbolic_cas.md:269","false","routh"
"docs/symbolic_cas.md:29","8. Nichols Chart Data: nichols","guide-fence","Guide snippet","web/src/docs/symbolic_cas.md:277","false","nichols"
"docs/symbolic_cas.md:30","OR","guide-fence","Guide snippet","web/src/docs/symbolic_cas.md:283","false",""
"docs/symbolic_cas.md:31","9. Static Error Constants: errorconst","guide-fence","Guide snippet","web/src/docs/symbolic_cas.md:293","false","errorconst"
"docs/symbolic_cas.md:32","10. Signal-Flow Graphs: mason","guide-fence","Guide snippet","web/src/docs/symbolic_cas.md:301","false","mason"
"docs/symbolic_cas.md:33","1. Continuous to Discrete: c2d","guide-fence","Guide snippet","web/src/docs/symbolic_cas.md:313","false","c2d"
"docs/symbolic_cas.md:34","2. Discrete to Continuous: d2c","guide-fence","Guide snippet","web/src/docs/symbolic_cas.md:322","false","d2c"
"docs/symbolic_cas.md:35","1. Step Response: step","guide-fence","Guide snippet","web/src/docs/symbolic_cas.md:332","false","step"
"docs/symbolic_cas.md:36","2. Impulse Response: impulse","guide-fence","Guide snippet","web/src/docs/symbolic_cas.md:340","false","impulse"
"docs/symbolic_cas.md:37","3. Forced Response: lsim","guide-fence","Guide snippet","web/src/docs/symbolic_cas.md:348","false","lsim"
"docs/symbolic_cas.md:38","4. Transient Response Metrics: stepinfo","guide-fence","Guide snippet","web/src/docs/symbolic_cas.md:356","false","stepinfo"
"docs/symbolic_cas.md:39","1. LQR Optimal Gain: lqr","guide-fence","Guide snippet","web/src/docs/symbolic_cas.md:366","false","lqr"
"docs/symbolic_cas.md:40","2. Pole Placement: place","guide-fence","Guide snippet","web/src/docs/symbolic_cas.md:372","false","place"
"docs/symbolic_cas.md:41","3. PID Auto-Tuning: pidtune","guide-fence","Guide snippet","web/src/docs/symbolic_cas.md:378","false","pidtune"
"docs/tutorials.md:1","Stage 1 — the parameters, and what to expect","guide-run","Guide snippet","web/src/docs/tutorials.md:10","false","sqrt"
"docs/tutorials.md:2","Stage 2 — free response in time","guide-fence","Guide snippet","web/src/docs/tutorials.md:25","false",""
"docs/tutorials.md:3","Stage 3 — read the trajectory back","guide-fence","Guide snippet","web/src/docs/tutorials.md:41","false","finalvalue;maxvalue;odevalue;timeat"
"docs/tutorials.md:4","Stage 4 — the same plant in the frequency domain","guide-fence","Guide snippet","web/src/docs/tutorials.md:53","false","bode;linspace"
"docs/tutorials.md:5","Complete listing","guide-run","Guide snippet","web/src/docs/tutorials.md:78","false","bode;finalvalue;maxvalue;odevalue;sqrt;timeat;linspace"
"docs/tutorials.md:6","Stage 1 — the inlet state","guide-fence","Guide snippet","web/src/docs/tutorials.md:130","false","enthalpy;dewpoint;humrat"
"docs/tutorials.md:7","Stage 2 — outlet state and coil duty","guide-fence","Guide snippet","web/src/docs/tutorials.md:147","false","enthalpy;humrat"
"docs/tutorials.md:8","Stage 3 — the same coil, as components","guide-fence","Guide snippet","web/src/docs/tutorials.md:165","false","AHU;CoolingCoil;MoistAirSink;MoistAirSource"
"docs/tutorials.md:9","Complete listing","guide-run","Guide snippet","web/src/docs/tutorials.md:189","false","enthalpy;dewpoint;humrat;AHU;CoolingCoil;MoistAirSink;MoistAirSource"
"docs/tutorials.md:10","Stage 1 — the numbers that shape the response","guide-run","Guide snippet","web/src/docs/tutorials.md:238","false","sqrt"
"docs/tutorials.md:11","Stage 2 — phasor analysis at one frequency","guide-fence","Guide snippet","web/src/docs/tutorials.md:253","false","arctan;sqrt"
"docs/tutorials.md:12","Stage 3 — the whole response at once","guide-fence","Guide snippet","web/src/docs/tutorials.md:275","false","bode;linspace"
"docs/tutorials.md:13","Complete listing","guide-run","Guide snippet","web/src/docs/tutorials.md:293","false","arctan;bode;sqrt;linspace"
"docs/tutorials.md:14","Stage 1 — the four states","guide-run","Guide snippet","web/src/docs/tutorials.md:350","false","enthalpy;entropy"
"docs/tutorials.md:15","Stage 2 — performance","guide-fence","Guide snippet","web/src/docs/tutorials.md:374","false",""
"docs/tutorials.md:16","Stage 3 — how well do you know it?","guide-fence","Guide snippet","web/src/docs/tutorials.md:386","false","uncertaintyof"
"docs/tutorials.md:17","Complete listing","guide-run","Guide snippet","web/src/docs/tutorials.md:398","false","uncertaintyof;enthalpy;entropy"
"docs/tutorials.md:18","Stage 1 — digitize the curve","guide-fence","Guide snippet","web/src/docs/tutorials.md:450","false",""
"docs/tutorials.md:19","Stage 2 — the system curve","guide-fence","Guide snippet","web/src/docs/tutorials.md:468","false",""
"docs/tutorials.md:20","Stage 3 — the operating point","guide-fence","Guide snippet","web/src/docs/tutorials.md:482","false",""
"docs/tutorials.md:21","Stage 3 — the operating point","guide-fence","Guide snippet","web/src/docs/tutorials.md:488","false",""
"docs/tutorials.md:22","Complete listing","guide-run","Guide snippet","web/src/docs/tutorials.md:497","false",""
"docs/verification.md:1","Verification Suite","guide-fence","Guide snippet","web/src/docs/verification.md:8","false",""
