"name","families","domain","page","tier","boundExamples","runnableHits","allHits"
"sin","functions","Math","web/src/docs/reference/math/sin.md","rich","projectile-motion;projectile-trajectory","gallery:projectile-motion;gallery:projectile-trajectory;gallery:damped-oscillator;gallery:engine-cycle-wiebe;help-cycle:orbit-kepler;help-cycle:ev-longitudinal;help-cycle:ev-sizing;help-cycle:load-flow","gallery:projectile-motion;gallery:projectile-trajectory;gallery:damped-oscillator;gallery:engine-cycle-wiebe;help-cycle:orbit-kepler;help-cycle:ev-longitudinal;help-cycle:ev-sizing;help-cycle:load-flow;docs/advanced_solving.md:6;docs/language_fundamentals.md:2"
"cos","functions","Math","web/src/docs/reference/math/cos.md","rich","projectile-motion;projectile-trajectory","gallery:projectile-motion;gallery:projectile-trajectory;gallery:damped-oscillator;gallery:engine-cycle-wiebe;help-cycle:orbit-kepler;help-cycle:pelton-turbine;help-cycle:ev-longitudinal;help-cycle:ev-sizing;help-cycle:load-flow","gallery:projectile-motion;gallery:projectile-trajectory;gallery:damped-oscillator;gallery:engine-cycle-wiebe;help-cycle:orbit-kepler;help-cycle:pelton-turbine;help-cycle:ev-longitudinal;help-cycle:ev-sizing;help-cycle:load-flow"
"tan","functions","Math","web/src/docs/reference/math/tan.md","stub","","help-cycle:orbit-kepler","help-cycle:orbit-kepler"
"asin","functions","Math","web/src/docs/reference/math/asin.md","stub","","",""
"acos","functions","Math","web/src/docs/reference/math/acos.md","stub","","",""
"atan","functions","Math","web/src/docs/reference/math/atan.md","stub","","",""
"atan2","functions","Math","web/src/docs/reference/math/atan2.md","stub","","","docs/language_fundamentals.md:3"
"exp","functions","Math","web/src/docs/reference/math/exp.md","rich","damped-oscillator;sounding-rocket-trajectory","gallery:damped-oscillator;gallery:sounding-rocket-trajectory;help-cycle:pid-pole-placement;help-cycle:second-order-step;help-cycle:ode-stiff-linear","gallery:damped-oscillator;gallery:sounding-rocket-trajectory;help-cycle:pid-pole-placement;help-cycle:second-order-step;help-cycle:ode-stiff-linear"
"ln","functions","Math","web/src/docs/reference/math/ln.md","rich","karman-rocket","gallery:karman-rocket;help-cycle:ode-lotka","gallery:karman-rocket;help-cycle:ode-lotka"
"log10","functions","Math","web/src/docs/reference/math/log10.md","stub","","help-cycle:pipe-network;help-cycle:bode-response","help-cycle:pipe-network;help-cycle:bode-response;docs/language_fundamentals.md:7"
"log2","functions","Math","web/src/docs/reference/math/log2.md","rich","","","docs/reference/math/log2.md:2"
"sqrt","functions","Math","web/src/docs/reference/math/sqrt.md","rich","tank-draining;ev-thermal-management","gallery:ev-thermal-management;gallery:tank-draining;gallery:projectile-trajectory;gallery:damped-oscillator;gallery:karman-rocket;gallery:engine-cycle-wiebe;help-cycle:cd-nozzle-shock;help-cycle:co2-nozzle-throat;help-cycle:orbit-kepler;help-cycle:pipe-network;help-cycle:open-channel-jump;help-cycle:pelton-turbine;help-cycle:ev-lateral;help-cycle:pid-pole-placement;help-cycle:second-order-step;help-cycle:paris-fatigue;help-cycle:ode-tank;help-cycle:ode-orbit;docs/advanced_solving.md:2;docs/tutorials.md:1;docs/tutorials.md:5;docs/tutorials.md:10;docs/tutorials.md:13","gallery:ev-thermal-management;gallery:tank-draining;gallery:projectile-trajectory;gallery:damped-oscillator;gallery:karman-rocket;gallery:engine-cycle-wiebe;help-cycle:cd-nozzle-shock;help-cycle:co2-nozzle-throat;help-cycle:orbit-kepler;help-cycle:pipe-network;help-cycle:open-channel-jump;help-cycle:pelton-turbine;help-cycle:ev-lateral;help-cycle:pid-pole-placement;help-cycle:second-order-step;help-cycle:paris-fatigue;help-cycle:ode-tank;help-cycle:ode-orbit;docs/advanced_solving.md:2;docs/getting_started.md:7;docs/language_fundamentals.md:7;docs/tutorials.md:1;docs/tutorials.md:5;docs/tutorials.md:10;docs/tutorials.md:11;docs/tutorials.md:13"
"cbrt","functions","Math","web/src/docs/reference/math/cbrt.md","rich","","","docs/reference/math/cbrt.md:2"
"abs","functions","Math","web/src/docs/reference/math/abs.md","stub","","",""
"sign","functions","Math","web/src/docs/reference/math/sign.md","stub","","",""
"floor","functions","Math","web/src/docs/reference/math/floor.md","stub","","","docs/language_fundamentals.md:4"
"ceil","functions","Math","web/src/docs/reference/math/ceil.md","stub","","",""
"round","functions","Math","web/src/docs/reference/math/round.md","stub","","","docs/language_fundamentals.md:4"
"mod","functions","Math","web/src/docs/reference/math/mod.md","stub","","","docs/programming_logic.md:2"
"min","functions","Stats","web/src/docs/reference/stats/min.md","rich","hx-effectiveness-ntu;ev-thermal-management","gallery:hx-effectiveness-ntu;help-cycle:auto-cooling-loop","gallery:hx-effectiveness-ntu;help-cycle:auto-cooling-loop;docs/components.md:14"
"max","functions","Stats","web/src/docs/reference/stats/max.md","rich","hx-effectiveness-ntu","gallery:hx-effectiveness-ntu;help-cycle:ev-sizing","gallery:hx-effectiveness-ntu;help-cycle:ev-sizing"
"mean","functions","Stats","web/src/docs/reference/stats/mean.md","stub","","",""
"median","functions","Stats","web/src/docs/reference/stats/median.md","stub","","",""
"std","functions","Stats","web/src/docs/reference/stats/std.md","stub","","",""
"var","functions","Stats","web/src/docs/reference/stats/var.md","stub","","",""
"sum","functions","Stats","web/src/docs/reference/stats/sum.md","stub","","help-cycle:inhour-equation","help-cycle:inhour-equation;docs/language_fundamentals.md:5"
"inv","functions","Matrix","web/src/docs/reference/matrix/inv.md","stub","","",""
"det","functions","Matrix","web/src/docs/reference/matrix/det.md","stub","","",""
"trace","functions","Matrix","web/src/docs/reference/matrix/trace.md","stub","","",""
"transpose","functions","Matrix","web/src/docs/reference/matrix/transpose.md","stub","","","docs/getting_started.md:8"
"eig","functions","Matrix","web/src/docs/reference/matrix/eig.md","stub","","",""
"eigvec","functions","Matrix","web/src/docs/reference/matrix/eigvec.md","stub","","",""
"rank","functions;callProcedures","Matrix","web/src/docs/reference/matrix/rank.md","stub","","","docs/symbolic_cas.md:19"
"norm","functions;matrixFunctions","Matrix","web/src/docs/reference/matrix/norm.md","stub","","",""
"cond","functions","Matrix","web/src/docs/reference/matrix/cond.md","rich","ev-thermal-management","gallery:ev-thermal-management","gallery:ev-thermal-management"
"svd","functions","Matrix","web/src/docs/reference/matrix/svd.md","reference","","","docs/symbolic_cas.md:7"
"qr","functions","Matrix","web/src/docs/reference/matrix/qr.md","stub","","",""
"cholesky","functions","Matrix","web/src/docs/reference/matrix/cholesky.md","stub","","",""
"matexp","functions","Matrix","web/src/docs/reference/matrix/matexp.md","stub","","",""
"tf","functions","Control","web/src/docs/reference/control/tf.md","rich","partial-fractions","gallery:partial-fractions;help-cycle:partial-fraction-real;help-cycle:partial-fraction-complex","gallery:partial-fractions;help-cycle:partial-fraction-real;help-cycle:partial-fraction-complex;docs/symbolic_cas.md:5"
"ss","functions","Control","web/src/docs/reference/control/ss.md","rich","","",""
"tf2ss","functions;callProcedures","Control","web/src/docs/reference/control/tf2ss.md","rich","multi-output-destructuring","gallery:multi-output-destructuring;help-cycle:tf-to-ss","gallery:multi-output-destructuring;help-cycle:tf-to-ss;docs/symbolic_cas.md:6;docs/symbolic_cas.md:8;docs/symbolic_cas.md:10"
"ss2tf","functions;callProcedures","Control","web/src/docs/reference/control/ss2tf.md","rich","cruise-control","gallery:cruise-control;gallery:multi-output-destructuring;help-cycle:ss-to-tf","gallery:cruise-control;gallery:multi-output-destructuring;help-cycle:ss-to-tf;docs/components.md:16;docs/symbolic_cas.md:9"
"series","functions;callProcedures","Control","web/src/docs/reference/control/series.md","rich","cruise-control","gallery:cruise-control;help-cycle:gain-phase-margin;help-cycle:closed-loop-position-servo;help-cycle:pid-auto-tune","gallery:cruise-control;help-cycle:gain-phase-margin;help-cycle:closed-loop-position-servo;help-cycle:pid-auto-tune;docs/symbolic_cas.md:13"
"parallel","functions;callProcedures","Control","web/src/docs/reference/control/parallel.md","rich","","help-cycle:parallel-interconnect","help-cycle:parallel-interconnect;docs/symbolic_cas.md:14"
"feedback","functions;callProcedures","Control","web/src/docs/reference/control/feedback.md","rich","cruise-control","gallery:cruise-control;help-cycle:zpk-feedback;help-cycle:closed-loop-position-servo","gallery:cruise-control;help-cycle:zpk-feedback;help-cycle:closed-loop-position-servo;docs/symbolic_cas.md:15"
"step","functions;callProcedures","Control","web/src/docs/reference/control/step.md","rich","control-analysis-report","gallery:step-impulse-response;gallery:control-analysis-report;help-cycle:second-order-step;help-cycle:impulse-response;help-cycle:closed-loop-position-servo;help-cycle:control-analysis-report","gallery:step-impulse-response;gallery:control-analysis-report;help-cycle:second-order-step;help-cycle:impulse-response;help-cycle:closed-loop-position-servo;help-cycle:control-analysis-report;docs/language_fundamentals.md:4;docs/symbolic_cas.md:35"
"impulse","functions;callProcedures","Control","web/src/docs/reference/control/impulse.md","rich","step-impulse-response","gallery:step-impulse-response;help-cycle:impulse-response","gallery:step-impulse-response;help-cycle:impulse-response;docs/symbolic_cas.md:36"
"lsim","functions;callProcedures","Control","web/src/docs/reference/control/lsim.md","rich","step-impulse-response","gallery:step-impulse-response;help-cycle:forced-response-lsim","gallery:step-impulse-response;help-cycle:forced-response-lsim;docs/symbolic_cas.md:37"
"bode","functions;callProcedures","Control","web/src/docs/reference/control/bode.md","rich","control-analysis-report","gallery:cruise-control;gallery:multi-output-destructuring;gallery:control-analysis-report;help-cycle:bode-response;help-cycle:gain-phase-margin;help-cycle:control-analysis-report;docs/tutorials.md:5;docs/tutorials.md:13","gallery:cruise-control;gallery:multi-output-destructuring;gallery:control-analysis-report;help-cycle:bode-response;help-cycle:gain-phase-margin;help-cycle:control-analysis-report;docs/components.md:16;docs/getting_started.md:9;docs/symbolic_cas.md:7;docs/symbolic_cas.md:23;docs/tutorials.md:4;docs/tutorials.md:5;docs/tutorials.md:12;docs/tutorials.md:13"
"nyquist","functions;callProcedures","Control","web/src/docs/reference/control/nyquist.md","rich","control-analysis-report","gallery:cruise-control;gallery:control-analysis-report;help-cycle:nyquist-stability;help-cycle:control-analysis-report","gallery:cruise-control;gallery:control-analysis-report;help-cycle:nyquist-stability;help-cycle:control-analysis-report;docs/symbolic_cas.md:24"
"nichols","functions;callProcedures","Control","web/src/docs/reference/control/nichols.md","rich","nichols-chart","gallery:nichols-chart","gallery:nichols-chart;docs/symbolic_cas.md:29"
"margin","functions;callProcedures","Control","web/src/docs/reference/control/margin.md","rich","control-analysis-report","gallery:cruise-control;gallery:control-analysis-report;help-cycle:gain-phase-margin;help-cycle:nyquist-stability;help-cycle:pid-auto-tune;help-cycle:control-analysis-report","gallery:cruise-control;gallery:control-analysis-report;help-cycle:gain-phase-margin;help-cycle:nyquist-stability;help-cycle:pid-auto-tune;help-cycle:control-analysis-report;docs/symbolic_cas.md:25"
"stepinfo","functions;callProcedures","Control","web/src/docs/reference/control/stepinfo.md","rich","","","docs/symbolic_cas.md:38"
"c2d","functions;callProcedures","Control","web/src/docs/reference/control/c2d.md","rich","digital-control-c2d","gallery:digital-control-c2d","gallery:digital-control-c2d;docs/symbolic_cas.md:33"
"d2c","functions;callProcedures","Control","web/src/docs/reference/control/d2c.md","rich","","","docs/symbolic_cas.md:34"
"rlocus","functions;callProcedures","Control","web/src/docs/reference/control/rlocus.md","rich","root-locus-analysis","gallery:root-locus-analysis","gallery:root-locus-analysis;docs/symbolic_cas.md:26"
"routh","functions;callProcedures","Control","web/src/docs/reference/control/routh.md","rich","routh-stability","gallery:routh-stability","gallery:routh-stability;docs/getting_started.md:9;docs/symbolic_cas.md:28"
"pade","functions;callProcedures","Control","web/src/docs/reference/control/pade.md","rich","","","docs/symbolic_cas.md:16"
"lqr","functions;callProcedures","Control","web/src/docs/reference/control/lqr.md","rich","controller-design-lqr-pid","gallery:controller-design-lqr-pid;help-cycle:lqr-regulator","gallery:controller-design-lqr-pid;help-cycle:lqr-regulator;docs/components.md:16;docs/symbolic_cas.md:39"
"dlqr","functions;callProcedures","Control","web/src/docs/reference/control/dlqr.md","rich","","",""
"dare","functions;callProcedures","Control","web/src/docs/reference/control/dare.md","rich","","",""
"lyap","functions;callProcedures","Control","web/src/docs/reference/control/lyap.md","rich","","",""
"dlyap","functions;callProcedures","Control","web/src/docs/reference/control/dlyap.md","rich","","",""
"ctrb","functions;callProcedures","Control","web/src/docs/reference/control/ctrb.md","rich","","","docs/symbolic_cas.md:17"
"obsv","functions;callProcedures","Control","web/src/docs/reference/control/obsv.md","rich","","","docs/symbolic_cas.md:18"
"place","functions;callProcedures","Control","web/src/docs/reference/control/place.md","rich","","help-cycle:pole-placement","help-cycle:pole-placement;docs/symbolic_cas.md:40"
"acker","functions;callProcedures","Control","web/src/docs/reference/control/acker.md","rich","","",""
"lqe","functions;callProcedures","Control","web/src/docs/reference/control/lqe.md","rich","estimator-gramian-balreal","gallery:estimator-gramian-balreal","gallery:estimator-gramian-balreal"
"gram","functions;callProcedures","Control","web/src/docs/reference/control/gram.md","rich","estimator-gramian-balreal","gallery:estimator-gramian-balreal","gallery:estimator-gramian-balreal"
"balreal","functions;callProcedures","Control","web/src/docs/reference/control/balreal.md","rich","estimator-gramian-balreal","gallery:estimator-gramian-balreal","gallery:estimator-gramian-balreal"
"pidtune","functions;callProcedures","Control","web/src/docs/reference/control/pidtune.md","rich","controller-design-lqr-pid","gallery:controller-design-lqr-pid;help-cycle:pid-auto-tune","gallery:controller-design-lqr-pid;help-cycle:pid-auto-tune;docs/symbolic_cas.md:41"
"t0_t","functions","Compressible Flow","web/src/docs/reference/compressible-flow/T0_T.md","rich","cd-nozzle-shock","gallery:cd-nozzle-shock","gallery:cd-nozzle-shock"
"p0_p","functions","Compressible Flow","web/src/docs/reference/compressible-flow/P0_P.md","rich","cd-nozzle-shock","gallery:cd-nozzle-shock","gallery:cd-nozzle-shock"
"rho0_rho","functions","Compressible Flow","web/src/docs/reference/compressible-flow/rho0_rho.md","stub","","",""
"a_astar","functions","Compressible Flow","web/src/docs/reference/compressible-flow/a_astar.md","stub","","",""
"mach_a_astar","functions","Compressible Flow","web/src/docs/reference/compressible-flow/mach_A_Astar.md","rich","cd-nozzle-shock","gallery:cd-nozzle-shock","gallery:cd-nozzle-shock"
"m2_shock","functions","Compressible Flow","web/src/docs/reference/compressible-flow/M2_shock.md","rich","cd-nozzle-shock","gallery:cd-nozzle-shock","gallery:cd-nozzle-shock"
"p2_p1_shock","functions","Compressible Flow","web/src/docs/reference/compressible-flow/P2_P1_shock.md","rich","cd-nozzle-shock","gallery:cd-nozzle-shock","gallery:cd-nozzle-shock"
"t2_t1_shock","functions","Compressible Flow","web/src/docs/reference/compressible-flow/t2_t1_shock.md","reference","","",""
"rho2_rho1_shock","functions","Compressible Flow","web/src/docs/reference/compressible-flow/rho2_rho1_shock.md","stub","","",""
"p02_p01_shock","functions","Compressible Flow","web/src/docs/reference/compressible-flow/P02_P01_shock.md","rich","cd-nozzle-shock","gallery:cd-nozzle-shock","gallery:cd-nozzle-shock"
"rayleigh_t0_t0star","functions","Compressible Flow","web/src/docs/reference/compressible-flow/rayleigh_t0_t0star.md","stub","","",""
"rayleigh_t_tstar","functions","Compressible Flow","web/src/docs/reference/compressible-flow/rayleigh_t_tstar.md","stub","","",""
"rayleigh_p_pstar","functions","Compressible Flow","web/src/docs/reference/compressible-flow/rayleigh_p_pstar.md","stub","","",""
"rayleigh_p0_p0star","functions","Compressible Flow","web/src/docs/reference/compressible-flow/rayleigh_p0_p0star.md","stub","","",""
"fanno_t_tstar","functions","Compressible Flow","web/src/docs/reference/compressible-flow/fanno_t_tstar.md","stub","","",""
"fanno_p_pstar","functions","Compressible Flow","web/src/docs/reference/compressible-flow/fanno_p_pstar.md","stub","","",""
"fanno_p0_p0star","functions","Compressible Flow","web/src/docs/reference/compressible-flow/fanno_p0_p0star.md","stub","","",""
"fanno_fld","functions","Compressible Flow","web/src/docs/reference/compressible-flow/fanno_fld.md","stub","","",""
"prandtlmeyer","functions","Compressible Flow","web/src/docs/reference/compressible-flow/prandtlmeyer.md","stub","","",""
"mach_prandtlmeyer","functions","Compressible Flow","web/src/docs/reference/compressible-flow/mach_prandtlmeyer.md","stub","","",""
"machangle","functions","Compressible Flow","web/src/docs/reference/compressible-flow/machangle.md","stub","","",""
"theta_oblique","functions","Compressible Flow","web/src/docs/reference/compressible-flow/theta_oblique.md","reference","","",""
"beta_oblique","functions","Compressible Flow","web/src/docs/reference/compressible-flow/beta_oblique.md","reference","","",""
"hx_effectiveness","functions","Heat Transfer","web/src/docs/reference/heat-transfer/hx_effectiveness.md","rich","hx-effectiveness-ntu","gallery:hx-effectiveness-ntu","gallery:hx-effectiveness-ntu"
"hx_ntu","functions","Heat Transfer","web/src/docs/reference/heat-transfer/hx_NTU.md","rich","hx-effectiveness-ntu","",""
"lmtd","functions","Heat Transfer","web/src/docs/reference/heat-transfer/LMTD.md","rich","hx-effectiveness-ntu","gallery:hx-effectiveness-ntu","gallery:hx-effectiveness-ntu"
"fin_efficiency","functions","Heat Transfer","web/src/docs/reference/heat-transfer/fin_efficiency.md","rich","ev-thermal-management","gallery:ev-thermal-management","gallery:ev-thermal-management"
"friction_factor","functions","Flow Networks","web/src/docs/reference/flow-networks/friction_factor.md","reference","","",""
"reynolds","functions","Flow Networks","web/src/docs/reference/flow-networks/reynolds.md","stub","","",""
"minor_loss","functions","Flow Networks","web/src/docs/reference/flow-networks/minor_loss.md","stub","","",""
"iso6358","functions","Pneumatics","web/src/docs/reference/pneumatics/iso6358.md","reference","","",""
"htc_1phase","functions","Heat Transfer","web/src/docs/reference/heat-transfer/htc_1phase.md","rich","ev-thermal-management","gallery:ev-thermal-management","gallery:ev-thermal-management"
"htc_evap","functions","Heat Transfer","web/src/docs/reference/heat-transfer/htc_evap.md","rich","ev-thermal-management","gallery:ev-thermal-management","gallery:ev-thermal-management"
"htc_cond","functions","Heat Transfer","web/src/docs/reference/heat-transfer/htc_cond.md","rich","ev-thermal-management","gallery:ev-thermal-management","gallery:ev-thermal-management"
"ua_hx","functions","Heat Transfer","web/src/docs/reference/heat-transfer/ua_hx.md","rich","ev-thermal-management","gallery:ev-thermal-management","gallery:ev-thermal-management"
"dp_1phase","functions","Heat Transfer","web/src/docs/reference/heat-transfer/dp_1phase.md","reference","","",""
"dp_2phase","functions","Heat Transfer","web/src/docs/reference/heat-transfer/dp_2phase.md","rich","ev-thermal-management","gallery:ev-thermal-management","gallery:ev-thermal-management"
"dp_mueller_steinhagen","functions","Heat Transfer","web/src/docs/reference/heat-transfer/dp_mueller_steinhagen.md","reference","","",""
"dp_compact_core","functions","Heat Transfer","web/src/docs/reference/heat-transfer/dp_compact_core.md","reference","","",""
"htc_extair","functions","Heat Transfer","web/src/docs/reference/heat-transfer/htc_extair.md","rich","ev-thermal-management","gallery:ev-thermal-management","gallery:ev-thermal-management"
"nu_zukauskas","functions","Heat Transfer","web/src/docs/reference/heat-transfer/nu_zukauskas.md","reference","","",""
"nu_colburn","functions","Heat Transfer","web/src/docs/reference/heat-transfer/nu_colburn.md","reference","","",""
"nu_churchill_chu","functions","Heat Transfer","web/src/docs/reference/heat-transfer/nu_churchill_chu.md","reference","","",""
"nu_blend","functions","Heat Transfer","web/src/docs/reference/heat-transfer/nu_blend.md","reference","","",""
"hx_dh","functions","Heat Transfer","web/src/docs/reference/heat-transfer/hx_dh.md","reference","","",""
"hx_aconv","functions","Heat Transfer","web/src/docs/reference/heat-transfer/hx_aconv.md","rich","ev-thermal-management","gallery:ev-thermal-management","gallery:ev-thermal-management"
"hx_sigma","functions","Heat Transfer","web/src/docs/reference/heat-transfer/hx_sigma.md","reference","","",""
"hx_eta_surf","functions","Heat Transfer","web/src/docs/reference/heat-transfer/hx_eta_surf.md","rich","ev-thermal-management","gallery:ev-thermal-management","gallery:ev-thermal-management"
"nu_tubebank","functions","Heat Transfer","web/src/docs/reference/heat-transfer/nu_tubebank.md","reference","","",""
"nu_hilpert","functions","Heat Transfer","web/src/docs/reference/heat-transfer/nu_hilpert.md","reference","","",""
"nu_plate","functions","Heat Transfer","web/src/docs/reference/heat-transfer/nu_plate.md","reference","","",""
"hx_fin_len","functions","Heat Transfer","web/src/docs/reference/heat-transfer/hx_fin_len.md","rich","ev-thermal-management","gallery:ev-thermal-management","gallery:ev-thermal-management"
"hx_area_direct","functions","Heat Transfer","web/src/docs/reference/heat-transfer/hx_area_direct.md","rich","ev-thermal-management","gallery:ev-thermal-management","gallery:ev-thermal-management"
"hx_area_indirect","functions","Heat Transfer","web/src/docs/reference/heat-transfer/hx_area_indirect.md","rich","ev-thermal-management","gallery:ev-thermal-management","gallery:ev-thermal-management"
"dp_gravity","functions","Heat Transfer","web/src/docs/reference/heat-transfer/dp_gravity.md","reference","","",""
"mass_flux","functions","Heat Transfer","web/src/docs/reference/heat-transfer/mass_flux.md","stub","","",""
"j_fin","functions","Heat Transfer","web/src/docs/reference/heat-transfer/j_fin.md","reference","","",""
"f_fin","functions","Heat Transfer","web/src/docs/reference/heat-transfer/f_fin.md","reference","","",""
"nu_gungor_winterton","functions","Heat Transfer","web/src/docs/reference/heat-transfer/nu_gungor_winterton.md","reference","","",""
"nu_traviss","functions","Heat Transfer","web/src/docs/reference/heat-transfer/nu_traviss.md","reference","","",""
"dp_2phase_avg","functions","Heat Transfer","web/src/docs/reference/heat-transfer/dp_2phase_avg.md","reference","","",""
"lm_phi2","functions","Two-Phase Flow","web/src/docs/reference/two-phase-flow/lm_phi2.md","reference","","",""
"lm_martinelli_tt","functions","Two-Phase Flow","web/src/docs/reference/two-phase-flow/lm_martinelli_tt.md","reference","","",""
"void_homogeneous","functions","Two-Phase Flow","web/src/docs/reference/two-phase-flow/void_homogeneous.md","reference","","",""
"void_zivi","functions","Two-Phase Flow","web/src/docs/reference/two-phase-flow/void_zivi.md","reference","","",""
"void_rouhani","functions","Two-Phase Flow","web/src/docs/reference/two-phase-flow/void_rouhani.md","reference","","",""
"friedel_phi2","functions","Two-Phase Flow","web/src/docs/reference/two-phase-flow/friedel_phi2.md","reference","","",""
"momentum_flux","functions","Two-Phase Flow","web/src/docs/reference/two-phase-flow/momentum_flux.md","reference","","",""
"nu_dittus_boelter","functions","Two-Phase Flow","web/src/docs/reference/two-phase-flow/nu_dittus_boelter.md","reference","","",""
"nu_gnielinski","functions","Two-Phase Flow","web/src/docs/reference/two-phase-flow/nu_gnielinski.md","reference","","",""
"chen_f","functions","Two-Phase Flow","web/src/docs/reference/two-phase-flow/chen_f.md","reference","","",""
"chen_s","functions","Two-Phase Flow","web/src/docs/reference/two-phase-flow/chen_s.md","reference","","",""
"nu_shah","functions","Two-Phase Flow","web/src/docs/reference/two-phase-flow/nu_shah.md","reference","","",""
"nu_cavallini_zecchin","functions","Two-Phase Flow","web/src/docs/reference/two-phase-flow/nu_cavallini_zecchin.md","reference","","",""
"zone_ramp","functions","Two-Phase Flow","web/src/docs/reference/two-phase-flow/zone_ramp.md","reference","","",""
"isa_t","functions","Atmosphere","web/src/docs/reference/atmosphere/isa_t.md","reference","","",""
"isa_p","functions","Atmosphere","web/src/docs/reference/atmosphere/isa_p.md","reference","","",""
"isa_rho","functions","Atmosphere","web/src/docs/reference/atmosphere/isa_rho.md","reference","","",""
"eos_z","functions","Properties (EOS)","web/src/docs/reference/properties-eos/eos_z.md","rich","cubic-eos-properties","gallery:cubic-eos-properties","gallery:cubic-eos-properties"
"eos_volume","functions","Properties (EOS)","web/src/docs/reference/properties-eos/eos_volume.md","rich","cubic-eos-properties","gallery:cubic-eos-properties","gallery:cubic-eos-properties"
"eos_density","functions","Properties (EOS)","web/src/docs/reference/properties-eos/eos_density.md","rich","cubic-eos-properties","gallery:cubic-eos-properties","gallery:cubic-eos-properties"
"eos_pressure","functions","Properties (EOS)","web/src/docs/reference/properties-eos/eos_pressure.md","reference","","",""
"eos_enthalpy","functions","Properties (EOS)","web/src/docs/reference/properties-eos/eos_enthalpy.md","rich","cubic-eos-properties","gallery:cubic-eos-properties","gallery:cubic-eos-properties"
"eos_entropy","functions","Properties (EOS)","web/src/docs/reference/properties-eos/eos_entropy.md","reference","","",""
"eos_psat","functions","Properties (EOS)","web/src/docs/reference/properties-eos/eos_psat.md","rich","cubic-eos-properties","gallery:cubic-eos-properties","gallery:cubic-eos-properties"
"adiabaticflametemp","functions","Combustion","web/src/docs/reference/combustion/AdiabaticFlameTemp.md","rich","adiabatic-flame-temp","gallery:adiabatic-flame-temp","gallery:adiabatic-flame-temp"
"mix_mw","functions","Combustion","web/src/docs/reference/combustion/mix_mw.md","stub","","",""
"mix_cp","functions","Combustion","web/src/docs/reference/combustion/mix_cp.md","stub","","",""
"mix_enthalpy","functions","Combustion","web/src/docs/reference/combustion/mix_enthalpy.md","stub","","",""
"mix_entropy","functions","Combustion","web/src/docs/reference/combustion/mix_entropy.md","stub","","",""
"wiebe","functions","Combustion","web/src/docs/reference/combustion/wiebe.md","reference","","",""
"wiebe_rate","functions","Combustion","web/src/docs/reference/combustion/wiebe_rate.md","rich","engine-cycle-wiebe","gallery:engine-cycle-wiebe","gallery:engine-cycle-wiebe"
"mix_viscosity","functions","Combustion","web/src/docs/reference/combustion/mix_viscosity.md","reference","","",""
"mix_conductivity","functions","Combustion","web/src/docs/reference/combustion/mix_conductivity.md","stub","","",""
"eq_molefraction","functions","Combustion","web/src/docs/reference/combustion/eq_molefraction.md","reference","","",""
"adiabaticflametempeq","functions","Combustion","web/src/docs/reference/combustion/adiabaticflametempeq.md","reference","","",""
"arcsin","functions","Math","web/src/docs/reference/math/arcsin.md","stub","","",""
"arccos","functions","Math","web/src/docs/reference/math/arccos.md","stub","","",""
"arctan","functions","Math","web/src/docs/reference/math/arctan.md","stub","","help-cycle:orbit-kepler;docs/tutorials.md:13","help-cycle:orbit-kepler;docs/tutorials.md:11;docs/tutorials.md:13"
"sinh","functions","Math","web/src/docs/reference/math/sinh.md","stub","","",""
"cosh","functions","Math","web/src/docs/reference/math/cosh.md","stub","","",""
"tanh","functions","Math","web/src/docs/reference/math/tanh.md","stub","","gallery:ev-battery-cooling-pid","gallery:ev-battery-cooling-pid"
"arcsinh","functions","Math","web/src/docs/reference/math/arcsinh.md","stub","","",""
"arccosh","functions","Math","web/src/docs/reference/math/arccosh.md","stub","","",""
"arctanh","functions","Math","web/src/docs/reference/math/arctanh.md","stub","","",""
"trunc","functions","Math","web/src/docs/reference/math/trunc.md","stub","","","docs/programming_logic.md:2"
"factorial","functions","Math","web/src/docs/reference/math/factorial.md","stub","","",""
"gcd","functions","Math","web/src/docs/reference/math/gcd.md","stub","","",""
"lcm","functions","Math","web/src/docs/reference/math/lcm.md","stub","","",""
"bitand","functions","Math","web/src/docs/reference/math/bitand.md","stub","","",""
"bitor","functions","Math","web/src/docs/reference/math/bitor.md","stub","","",""
"bitxor","functions","Math","web/src/docs/reference/math/bitxor.md","stub","","",""
"bitnot","functions","Math","web/src/docs/reference/math/bitnot.md","stub","","",""
"bitshiftl","functions","Math","web/src/docs/reference/math/bitshiftl.md","stub","","",""
"bitshiftr","functions","Math","web/src/docs/reference/math/bitshiftr.md","stub","","",""
"baseconvert","functions","Math","web/src/docs/reference/math/baseconvert.md","stub","","",""
"product","functions","Math","web/src/docs/reference/math/product.md","stub","","",""
"if","functions","Logic","web/src/docs/reference/logic/if.md","rich","sounding-rocket-trajectory","gallery:sounding-rocket-trajectory","gallery:sounding-rocket-trajectory;docs/language_fundamentals.md:5"
"average","functions","Stats","web/src/docs/reference/stats/average.md","stub","","",""
"rms","functions","Stats","web/src/docs/reference/stats/rms.md","stub","","",""
"percentile","functions","Stats","web/src/docs/reference/stats/percentile.md","reference","","",""
"slope","functions","Stats","web/src/docs/reference/stats/slope.md","stub","","",""
"intercept","functions","Stats","web/src/docs/reference/stats/intercept.md","stub","","",""
"r2","functions","Stats","web/src/docs/reference/stats/r2.md","stub","","",""
"probability","functions","Stats","web/src/docs/reference/stats/probability.md","rich","","","docs/language_fundamentals.md:6;docs/reference/stats/probability.md:2"
"normalcdf","functions","Stats","web/src/docs/reference/stats/normalcdf.md","reference","","",""
"normalpdf","functions","Stats","web/src/docs/reference/stats/normalpdf.md","stub","","",""
"normalinvcdf","functions","Stats","web/src/docs/reference/stats/normalinvcdf.md","reference","","",""
"chi_square","functions","Stats","web/src/docs/reference/stats/chi_square.md","stub","","",""
"random","functions","Stats","web/src/docs/reference/stats/random.md","stub","","",""
"randg","functions","Stats","web/src/docs/reference/stats/randg.md","stub","","",""
"real","functions","Complex","web/src/docs/reference/complex/real.md","stub","","",""
"imag","functions","Complex","web/src/docs/reference/complex/imag.md","stub","","",""
"conj","functions","Complex","web/src/docs/reference/complex/conj.md","stub","","",""
"magnitude","functions","Complex","web/src/docs/reference/complex/magnitude.md","stub","","",""
"angle","functions","Complex","web/src/docs/reference/complex/angle.md","stub","","",""
"angledeg","functions","Complex","web/src/docs/reference/complex/angledeg.md","stub","","",""
"cis","functions","Complex","web/src/docs/reference/complex/cis.md","stub","","","docs/language_fundamentals.md:16"
"gamma","functions","Special Functions","web/src/docs/reference/special-functions/gamma.md","rich","","","docs/reference/special-functions/gamma.md:2"
"loggamma","functions","Special Functions","web/src/docs/reference/special-functions/loggamma.md","rich","","","docs/reference/special-functions/loggamma.md:2"
"digamma","functions","Special Functions","web/src/docs/reference/special-functions/digamma.md","rich","","","docs/reference/special-functions/digamma.md:2"
"beta","functions","Special Functions","web/src/docs/reference/special-functions/beta.md","rich","","","docs/reference/special-functions/beta.md:2"
"erf","functions","Special Functions","web/src/docs/reference/special-functions/erf.md","rich","","","docs/reference/special-functions/erf.md:2"
"erfc","functions","Special Functions","web/src/docs/reference/special-functions/erfc.md","rich","","","docs/reference/special-functions/erfc.md:2"
"erfinv","functions","Special Functions","web/src/docs/reference/special-functions/erfinv.md","rich","","","docs/reference/special-functions/erfinv.md:2"
"besselj","functions","Special Functions","web/src/docs/reference/special-functions/besselj.md","rich","","","docs/reference/special-functions/besselj.md:2"
"bessely","functions","Special Functions","web/src/docs/reference/special-functions/bessely.md","rich","","","docs/reference/special-functions/bessely.md:2"
"besseli","functions","Special Functions","web/src/docs/reference/special-functions/besseli.md","rich","","","docs/reference/special-functions/besseli.md:2"
"besselk","functions","Special Functions","web/src/docs/reference/special-functions/besselk.md","rich","","","docs/reference/special-functions/besselk.md:2"
"besselj0","functions","Special Functions","web/src/docs/reference/special-functions/besselj0.md","rich","","","docs/reference/special-functions/besselj0.md:2"
"besselj1","functions","Special Functions","web/src/docs/reference/special-functions/besselj1.md","rich","","","docs/reference/special-functions/besselj1.md:2"
"bessely0","functions","Special Functions","web/src/docs/reference/special-functions/bessely0.md","rich","","","docs/reference/special-functions/bessely0.md:2"
"bessely1","functions","Special Functions","web/src/docs/reference/special-functions/bessely1.md","rich","","","docs/reference/special-functions/bessely1.md:2"
"besseli0","functions","Special Functions","web/src/docs/reference/special-functions/besseli0.md","rich","","","docs/reference/special-functions/besseli0.md:2"
"besseli1","functions","Special Functions","web/src/docs/reference/special-functions/besseli1.md","rich","","","docs/reference/special-functions/besseli1.md:2"
"besselk0","functions","Special Functions","web/src/docs/reference/special-functions/besselk0.md","rich","","","docs/reference/special-functions/besselk0.md:2"
"besselk1","functions","Special Functions","web/src/docs/reference/special-functions/besselk1.md","rich","","","docs/reference/special-functions/besselk1.md:2"
"chebyshevt","functions","Special Functions","web/src/docs/reference/special-functions/chebyshevt.md","rich","","","docs/reference/special-functions/chebyshevt.md:2"
"chebyshevu","functions","Special Functions","web/src/docs/reference/special-functions/chebyshevu.md","rich","","","docs/reference/special-functions/chebyshevu.md:2"
"hermiteh","functions","Special Functions","web/src/docs/reference/special-functions/hermiteh.md","rich","","","docs/reference/special-functions/hermiteh.md:2"
"laguerrel","functions","Special Functions","web/src/docs/reference/special-functions/laguerrel.md","rich","","","docs/reference/special-functions/laguerrel.md:2"
"legendrep","functions","Special Functions","web/src/docs/reference/special-functions/legendrep.md","rich","","","docs/reference/special-functions/legendrep.md:2"
"integral","functions","Calculus","web/src/docs/reference/calculus/integral.md","rich","tank-draining;newton-cooling","gallery:tank-draining;gallery:newton-cooling;help-cycle:paris-fatigue;docs/advanced_solving.md:2","gallery:tank-draining;gallery:newton-cooling;help-cycle:paris-fatigue;docs/advanced_solving.md:1;docs/advanced_solving.md:2"
"gaussintegral","functions","Calculus","web/src/docs/reference/calculus/gaussintegral.md","reference","","",""
"differentiate","functions","Calculus","web/src/docs/reference/calculus/differentiate.md","reference","","",""
"integralvalue","functions","Calculus","web/src/docs/reference/accessors/IntegralValue.md","rich","driving-cycle-energy","gallery:driving-cycle-energy","gallery:driving-cycle-energy;docs/programming_logic.md:7"
"uncertaintyof","functions","Calculus","web/src/docs/reference/calculus/uncertaintyof.md","reference","","docs/tutorials.md:17","docs/language_fundamentals.md:8;docs/tutorials.md:16;docs/tutorials.md:17"
"interpolate","functions","Interpolation","web/src/docs/reference/interpolation/interpolate.md","stub","","",""
"interpolate1","functions","Interpolation","web/src/docs/reference/interpolation/interpolate1.md","stub","","",""
"interpolate2d","functions","Interpolation","web/src/docs/reference/interpolation/interpolate2d.md","rich","engine-map-2d","gallery:engine-map-2d","gallery:engine-map-2d;docs/programming_logic.md:6"
"dtable","functions","Interpolation","web/src/docs/reference/interpolation/dtable.md","rich","","","docs/reference/interpolation/dtable.md:3;docs/reference/interpolation/dtable1.md:2"
"dtable1","functions","Interpolation","web/src/docs/reference/interpolation/dtable1.md","rich","","","docs/reference/interpolation/dtable1.md:2"
"lookup","functions","Interpolation","web/src/docs/reference/interpolation/lookup.md","stub","","",""
"lookuprow","functions","Interpolation","web/src/docs/reference/interpolation/lookuprow.md","reference","","",""
"nlookuprows","functions","Interpolation","web/src/docs/reference/interpolation/nlookuprows.md","stub","","",""
"tablevalue","functions","Tables","web/src/docs/reference/tables/tablevalue.md","stub","","",""
"tablerun#","functions","Tables","web/src/docs/reference/tables/tablerun_.md","stub","","","docs/programming_logic.md:7"
"nparametricruns","functions","Tables","web/src/docs/reference/tables/nparametricruns.md","stub","","",""
"tablesum","functions","Tables","web/src/docs/reference/tables/tablesum.md","stub","","",""
"tableavg","functions","Tables","web/src/docs/reference/accessors/TableAvg.md","rich","driving-cycle-energy","gallery:driving-cycle-energy","gallery:driving-cycle-energy;docs/programming_logic.md:7"
"tablemin","functions","Tables","web/src/docs/reference/tables/tablemin.md","stub","","",""
"tablemax","functions","Tables","web/src/docs/reference/tables/tablemax.md","stub","","",""
"tablestddev","functions","Tables","web/src/docs/reference/tables/tablestddev.md","stub","","",""
"odevalue","functions","ODE Results","web/src/docs/reference/accessors/ODEValue.md","rich","damped-oscillator-ode","gallery:newton-cooling-transient;gallery:transient-heat-rod;gallery:damped-oscillator-ode;gallery:sounding-rocket-trajectory;gallery:engine-cycle-wiebe;gallery:ev-battery-cooling-pid;docs/advanced_solving.md:4;docs/tutorials.md:5","gallery:newton-cooling-transient;gallery:transient-heat-rod;gallery:damped-oscillator-ode;gallery:sounding-rocket-trajectory;gallery:engine-cycle-wiebe;gallery:ev-battery-cooling-pid;docs/advanced_solving.md:4;docs/tutorials.md:3;docs/tutorials.md:5"
"finalvalue","functions","ODE Results","web/src/docs/reference/accessors/FinalValue.md","rich","newton-cooling-transient","gallery:newton-cooling-transient;gallery:transient-heat-rod;gallery:damped-oscillator-ode;gallery:sounding-rocket-trajectory;gallery:ev-battery-cooling-pid;docs/advanced_solving.md:4;docs/tutorials.md:5","gallery:newton-cooling-transient;gallery:transient-heat-rod;gallery:damped-oscillator-ode;gallery:sounding-rocket-trajectory;gallery:ev-battery-cooling-pid;docs/advanced_solving.md:4;docs/tutorials.md:3;docs/tutorials.md:5"
"maxvalue","functions","ODE Results","web/src/docs/reference/accessors/MaxValue.md","rich","newton-cooling-transient","gallery:newton-cooling-transient;gallery:sounding-rocket-trajectory;gallery:engine-cycle-wiebe;docs/tutorials.md:5","gallery:newton-cooling-transient;gallery:sounding-rocket-trajectory;gallery:engine-cycle-wiebe;docs/tutorials.md:3;docs/tutorials.md:5"
"minvalue","functions","ODE Results","web/src/docs/reference/ode-results/minvalue.md","stub","","",""
"timeat","functions","ODE Results","web/src/docs/reference/accessors/TimeAt.md","rich","newton-cooling-transient","gallery:newton-cooling-transient;docs/tutorials.md:5","gallery:newton-cooling-transient;docs/tutorials.md:3;docs/tutorials.md:5"
"odeavg","functions","ODE Results","web/src/docs/reference/ode-results/odeavg.md","stub","","",""
"odesum","functions","ODE Results","web/src/docs/reference/ode-results/odesum.md","stub","","",""
"odestddev","functions","ODE Results","web/src/docs/reference/ode-results/odestddev.md","stub","","",""
"odemin","functions","ODE Results","web/src/docs/reference/ode-results/odemin.md","stub","","",""
"odemax","functions","ODE Results","web/src/docs/reference/ode-results/odemax.md","stub","","",""
"stringlen","functions","Strings","web/src/docs/reference/strings/stringlen.md","stub","","",""
"stringpos","functions","Strings","web/src/docs/reference/strings/stringpos.md","stub","","",""
"stringval","functions","Strings","web/src/docs/reference/strings/stringval.md","stub","","",""
"arrayelmt","functions","Math","web/src/docs/reference/math/arrayelmt.md","reference","","","docs/language_fundamentals.md:15"
"heisler_temp","functions","Heat Transfer","web/src/docs/reference/heat-transfer/heisler_temp.md","rich","heisler-transient","gallery:heisler-transient","gallery:heisler-transient;docs/fluids_materials.md:6"
"heisler_q","functions","Heat Transfer","web/src/docs/reference/heat-transfer/heisler_q.md","rich","heisler-transient","gallery:heisler-transient","gallery:heisler-transient;docs/fluids_materials.md:6"
"viewfactor_perp","functions","Heat Transfer","web/src/docs/reference/heat-transfer/viewfactor_perp.md","rich","radiation-view-factors","gallery:radiation-view-factors","gallery:radiation-view-factors;docs/fluids_materials.md:5"
"viewfactor_plates","functions","Heat Transfer","web/src/docs/reference/heat-transfer/viewfactor_plates.md","rich","radiation-view-factors","gallery:radiation-view-factors","gallery:radiation-view-factors"
"viewfactor_disks","functions","Heat Transfer","web/src/docs/reference/heat-transfer/viewfactor_disks.md","rich","radiation-view-factors","gallery:radiation-view-factors","gallery:radiation-view-factors;docs/fluids_materials.md:5"
"stagnationtemp","functions","Compressible Flow","web/src/docs/reference/compressible-flow/stagnationtemp.md","rich","thermo-compliance","gallery:thermo-compliance","gallery:thermo-compliance"
"stagnationpres","functions","Compressible Flow","web/src/docs/reference/compressible-flow/stagnationpres.md","rich","thermo-compliance","gallery:thermo-compliance","gallery:thermo-compliance"
"SolveLinear","matrixFunctions","","web/src/docs/reference/math/SolveLinear.md","stub","","help-cycle:truss-stiffness","help-cycle:truss-stiffness;docs/matrix_algebra.md:5"
"Inverse","matrixFunctions","","web/src/docs/reference/math/Inverse.md","stub","","","docs/getting_started.md:8"
"Determinant","matrixFunctions","","web/src/docs/reference/math/Determinant.md","stub","","",""
"Dot","matrixFunctions","","web/src/docs/reference/math/Dot.md","stub","","","docs/getting_started.md:8"
"Cross","matrixFunctions","","web/src/docs/reference/math/Cross.md","stub","","",""
"zeros","matrixFunctions","","web/src/docs/reference/math/zeros.md","stub","cruise-control","",""
"ones","matrixFunctions","","web/src/docs/reference/math/ones.md","stub","","",""
"eye","matrixFunctions","","web/src/docs/reference/math/eye.md","stub","","","docs/matrix_algebra.md:2"
"diag","matrixFunctions","","web/src/docs/reference/matrix/diag.md","rich","estimator-gramian-balreal","",""
"linspace","matrixFunctions","","web/src/docs/reference/math/linspace.md","stub","","docs/tutorials.md:5;docs/tutorials.md:13","docs/matrix_algebra.md:2;docs/tutorials.md:4;docs/tutorials.md:5;docs/tutorials.md:12;docs/tutorials.md:13"
"axpy","matrixFunctions","","web/src/docs/reference/math/axpy.md","stub","","","docs/matrix_algebra.md:4"
"gemv","matrixFunctions","","web/src/docs/reference/math/gemv.md","reference","","",""
"gemm","matrixFunctions","","web/src/docs/reference/math/gemm.md","stub","","",""
"zp2tf","callProcedures","Model","web/src/docs/reference/control/zp2tf.md","rich","","help-cycle:zpk-feedback","help-cycle:zpk-feedback;docs/symbolic_cas.md:11"
"tf2zp","callProcedures","Model","web/src/docs/reference/control/tf2zp.md","rich","","help-cycle:first-order-poles-zeros","help-cycle:first-order-poles-zeros;docs/symbolic_cas.md:12"
"ss2ss","callProcedures","Model","web/src/docs/reference/control/ss2ss.md","rich","","","docs/symbolic_cas.md:20"
"pole","callProcedures","Analysis","web/src/docs/reference/control/pole.md","rich","control-analysis-report","gallery:cruise-control;gallery:step-impulse-response;gallery:controller-design-lqr-pid;gallery:control-analysis-report;gallery:root-locus-analysis;help-cycle:first-order-poles-zeros;help-cycle:underdamped-poles;help-cycle:thirdorder-poles-zeros;help-cycle:zpk-feedback;help-cycle:closed-loop-position-servo;help-cycle:pole-placement;help-cycle:lqr-regulator;help-cycle:control-analysis-report","gallery:cruise-control;gallery:step-impulse-response;gallery:controller-design-lqr-pid;gallery:control-analysis-report;gallery:root-locus-analysis;help-cycle:first-order-poles-zeros;help-cycle:underdamped-poles;help-cycle:thirdorder-poles-zeros;help-cycle:zpk-feedback;help-cycle:closed-loop-position-servo;help-cycle:pole-placement;help-cycle:lqr-regulator;help-cycle:control-analysis-report;docs/symbolic_cas.md:21"
"zero","callProcedures","Analysis","web/src/docs/reference/control/zero.md","rich","control-analysis-report","gallery:cruise-control;gallery:control-analysis-report;gallery:root-locus-analysis;help-cycle:first-order-poles-zeros;help-cycle:thirdorder-poles-zeros;help-cycle:control-analysis-report","gallery:cruise-control;gallery:control-analysis-report;gallery:root-locus-analysis;help-cycle:first-order-poles-zeros;help-cycle:thirdorder-poles-zeros;help-cycle:control-analysis-report;docs/symbolic_cas.md:22"
"errorconst","callProcedures","Analysis","web/src/docs/reference/control/errorconst.md","rich","","","docs/symbolic_cas.md:31"
"mason","callProcedures","Analysis","web/src/docs/reference/control/mason.md","rich","","","docs/symbolic_cas.md:32"
"residue","callProcedures","Linear","web/src/docs/reference/control/residue.md","rich","inverse-laplace-residue","gallery:inverse-laplace-residue","gallery:inverse-laplace-residue;docs/getting_started.md:9;docs/symbolic_cas.md:3;docs/symbolic_cas.md:4"
"Eigenvalues","callProcedures","Linear","web/src/docs/reference/control/Eigenvalues.md","rich","","","docs/getting_started.md:9"
"Eigen","callProcedures","Linear","web/src/docs/reference/control/Eigen.md","rich","","",""
"LUDecompose","callProcedures","Linear","web/src/docs/reference/control/LUDecompose.md","rich","","",""
"EulerRotate","callProcedures","Linear","web/src/docs/reference/control/EulerRotate.md","rich","","",""
"compressibility","propertyFunctions","","web/src/docs/reference/properties/compressibility.md","stub","thermo-compliance","",""
"compressibilityfactor","propertyFunctions","","web/src/docs/reference/properties/compressibilityfactor.md","stub","thermo-compliance","gallery:thermo-compliance","gallery:thermo-compliance"
"conductivity","propertyFunctions","","web/src/docs/reference/properties/conductivity.md","stub","","",""
"cp","propertyFunctions","","web/src/docs/reference/properties/cp.md","stub","","help-cycle:co2-nozzle-throat;help-cycle:auto-cooling-loop","help-cycle:co2-nozzle-throat;help-cycle:auto-cooling-loop"
"cv","propertyFunctions","","web/src/docs/reference/properties/cv.md","stub","","help-cycle:co2-nozzle-throat","help-cycle:co2-nozzle-throat"
"density","propertyFunctions","","web/src/docs/reference/properties/density.md","stub","","help-cycle:auto-cooling-loop","help-cycle:auto-cooling-loop"
"enthalpy","propertyFunctions","","web/src/docs/reference/properties/enthalpy.md","stub","rankine-cycle;state-tables-multifluid;refrigeration-vcr","gallery:rankine-cycle;gallery:state-tables-multifluid;gallery:rankine-cycle#2;gallery:refrigeration-vcr;gallery:ev-battery-cooling-pid;help-cycle:ideal-rankine;help-cycle:reheat-rankine;help-cycle:reheat-regen-rankine;help-cycle:cogeneration-plant;help-cycle:brayton-regen-variable-cp;help-cycle:combined-cycle;help-cycle:face-bypass-control;help-cycle:psychrometric-balancing;help-cycle:air-supply-wetbulb;docs/tutorials.md:9;docs/tutorials.md:14;docs/tutorials.md:17","gallery:rankine-cycle;gallery:state-tables-multifluid;gallery:rankine-cycle#2;gallery:refrigeration-vcr;gallery:ev-battery-cooling-pid;help-cycle:ideal-rankine;help-cycle:reheat-rankine;help-cycle:reheat-regen-rankine;help-cycle:cogeneration-plant;help-cycle:brayton-regen-variable-cp;help-cycle:combined-cycle;help-cycle:face-bypass-control;help-cycle:psychrometric-balancing;help-cycle:air-supply-wetbulb;docs/fluids_materials.md:1;docs/fluids_materials.md:7;docs/getting_started.md:5;docs/getting_started.md:7;docs/language_fundamentals.md:14;docs/language_fundamentals.md:17;docs/tutorials.md:6;docs/tutorials.md:7;docs/tutorials.md:9;docs/tutorials.md:14;docs/tutorials.md:17"
"entropy","propertyFunctions","","web/src/docs/reference/properties/entropy.md","stub","rankine-cycle;refrigeration-vcr","gallery:rankine-cycle;gallery:rankine-cycle#2;gallery:refrigeration-vcr;help-cycle:ideal-rankine;help-cycle:reheat-rankine;help-cycle:reheat-regen-rankine;help-cycle:cogeneration-plant;help-cycle:brayton-regen-variable-cp;help-cycle:combined-cycle;docs/tutorials.md:14;docs/tutorials.md:17","gallery:rankine-cycle;gallery:rankine-cycle#2;gallery:refrigeration-vcr;help-cycle:ideal-rankine;help-cycle:reheat-rankine;help-cycle:reheat-regen-rankine;help-cycle:cogeneration-plant;help-cycle:brayton-regen-variable-cp;help-cycle:combined-cycle;docs/fluids_materials.md:1;docs/tutorials.md:14;docs/tutorials.md:17"
"gibbs","propertyFunctions","","web/src/docs/reference/properties/gibbs.md","stub","","",""
"intenergy","propertyFunctions","","web/src/docs/reference/properties/intenergy.md","stub","","",""
"prandtl","propertyFunctions","","web/src/docs/reference/properties/prandtl.md","stub","","",""
"pressure","propertyFunctions","","web/src/docs/reference/properties/pressure.md","stub","","",""
"quality","propertyFunctions","","web/src/docs/reference/properties/quality.md","stub","","",""
"soundspeed","propertyFunctions","","web/src/docs/reference/properties/soundspeed.md","stub","","",""
"specheat","propertyFunctions","","web/src/docs/reference/properties/specheat.md","stub","","",""
"temperature","propertyFunctions","","web/src/docs/reference/properties/temperature.md","stub","pressure-cooker","help-cycle:brayton-regen-variable-cp;docs/components.md:11","help-cycle:brayton-regen-variable-cp;docs/components.md:11"
"viscosity","propertyFunctions","","web/src/docs/reference/properties/viscosity.md","stub","","",""
"volexpcoef","propertyFunctions","","web/src/docs/reference/properties/volexpcoef.md","stub","","",""
"volume","propertyFunctions","","web/src/docs/reference/properties/volume.md","stub","rankine-cycle;thermo-compliance;engine-cycle-wiebe","gallery:rankine-cycle;gallery:thermo-compliance;gallery:rankine-cycle#2;help-cycle:ideal-rankine;help-cycle:reheat-rankine;help-cycle:reheat-regen-rankine;help-cycle:cogeneration-plant;help-cycle:combined-cycle","gallery:rankine-cycle;gallery:thermo-compliance;gallery:rankine-cycle#2;help-cycle:ideal-rankine;help-cycle:reheat-rankine;help-cycle:reheat-regen-rankine;help-cycle:cogeneration-plant;help-cycle:combined-cycle;docs/fluids_materials.md:1"
"dewpoint","propertyFunctions","","web/src/docs/reference/properties/dewpoint.md","stub","","docs/tutorials.md:9","docs/fluids_materials.md:7;docs/tutorials.md:6;docs/tutorials.md:9"
"humrat","propertyFunctions","","web/src/docs/reference/properties/humrat.md","stub","","docs/tutorials.md:9","docs/fluids_materials.md:7;docs/tutorials.md:6;docs/tutorials.md:7;docs/tutorials.md:9"
"relhum","propertyFunctions","","web/src/docs/reference/properties/relhum.md","stub","","",""
"wetbulb","propertyFunctions","","web/src/docs/reference/properties/wetbulb.md","stub","","help-cycle:psychrometric-balancing;help-cycle:air-supply-wetbulb","help-cycle:psychrometric-balancing;help-cycle:air-supply-wetbulb;docs/fluids_materials.md:7"
"Accumulator","components","fluid","web/src/docs/reference/components/fluid/Accumulator.md","reference","","",""
"AHU","components","moistair","web/src/docs/reference/components/moistair/AHU.md","reference","","docs/tutorials.md:9","docs/tutorials.md:8;docs/tutorials.md:9"
"AirCoil","components","ac","web/src/docs/reference/components/ac/AirCoil.md","reference","","",""
"AirFilter","components","moistair","web/src/docs/reference/components/moistair/AirFilter.md","reference","","",""
"AnodeRecirc","components","pneumatic","web/src/docs/reference/components/pneumatic/AnodeRecirc.md","reference","","",""
"ApparatusDewPointCoil","components","moistair","web/src/docs/reference/components/moistair/ApparatusDewPointCoil.md","reference","","",""
"AtmosphereSource","components","fluid","web/src/docs/reference/components/fluid/AtmosphereSource.md","reference","","",""
"AutomaticTransmission","components","powertrain","web/src/docs/reference/components/powertrain/AutomaticTransmission.md","reference","","",""
"Battery","components","electrical","web/src/docs/reference/components/electrical/Battery.md","reference","","",""
"Battery2RC","components","electrical","web/src/docs/reference/components/electrical/Battery2RC.md","reference","","",""
"BatteryCellMap","components","electrical","web/src/docs/reference/components/electrical/BatteryCellMap.md","reference","","",""
"BatteryPack","components","electrical","web/src/docs/reference/components/electrical/BatteryPack.md","reference","","gallery:ev-battery-cooling-pid","gallery:ev-battery-cooling-pid"
"BatteryRC","components","electrical","web/src/docs/reference/components/electrical/BatteryRC.md","reference","","",""
"BatteryThermal","components","electrical","web/src/docs/reference/components/electrical/BatteryThermal.md","reference","","",""
"BatteryTransient","components","electrical","web/src/docs/reference/components/electrical/BatteryTransient.md","reference","","",""
"BeltDrive","components","mechanical","web/src/docs/reference/components/mechanical/BeltDrive.md","reference","","",""
"BlendMixer","components","twophase","web/src/docs/reference/components/twophase/BlendMixer.md","reference","","",""
"BlendSensor","components","twophase","web/src/docs/reference/components/twophase/BlendSensor.md","reference","","",""
"BlendSink","components","twophase","web/src/docs/reference/components/twophase/BlendSink.md","reference","","",""
"BlendSource","components","twophase","web/src/docs/reference/components/twophase/BlendSource.md","reference","","",""
"Boiler","components","fluid","web/src/docs/reference/components/fluid/Boiler.md","reference","","",""
"BoilingVessel","components","twophase","web/src/docs/reference/components/twophase/BoilingVessel.md","rich","pressure-cooker","gallery:pressure-cooker","gallery:pressure-cooker"
"Brake","components","mechanical","web/src/docs/reference/components/mechanical/Brake.md","reference","","",""
"CabinZone","components","moistair","web/src/docs/reference/components/moistair/CabinZone.md","reference","","",""
"Cam","components","mechanical","web/src/docs/reference/components/mechanical/Cam.md","reference","","",""
"CamFollower","components","mechanical","web/src/docs/reference/components/mechanical/CamFollower.md","reference","","",""
"Capacitor","components","electrical","web/src/docs/reference/components/electrical/Capacitor.md","reference","","",""
"CapillaryTube","components","twophase","web/src/docs/reference/components/twophase/CapillaryTube.md","reference","","",""
"CatalystLightOff","components","powertrain","web/src/docs/reference/components/powertrain/CatalystLightOff.md","reference","","",""
"CellToPackThermal","components","heat","web/src/docs/reference/components/heat/CellToPackThermal.md","reference","","",""
"ChargerCCCV","components","electrical","web/src/docs/reference/components/electrical/ChargerCCCV.md","reference","","",""
"ChilledBeam","components","moistair","web/src/docs/reference/components/moistair/ChilledBeam.md","reference","","",""
"Chiller","components","ac","web/src/docs/reference/components/ac/Chiller.md","reference","","gallery:ev-battery-cooling-pid","gallery:ev-battery-cooling-pid"
"Clutch","components","mechanical","web/src/docs/reference/components/mechanical/Clutch.md","reference","","",""
"ClutchCmd","components","mechanical","web/src/docs/reference/components/mechanical/ClutchCmd.md","reference","","",""
"Combustor","components","fluid","web/src/docs/reference/components/fluid/Combustor.md","reference","","",""
"CombustorSpecies","components","fluid","web/src/docs/reference/components/fluid/CombustorSpecies.md","reference","","",""
"Compressor","components","fluid","web/src/docs/reference/components/fluid/Compressor.md","rich","ev-thermal-management","","docs/components.md:3;docs/components.md:10"
"CompressorMap","components","fluid","web/src/docs/reference/components/fluid/CompressorMap.md","reference","","",""
"Condenser","components","fluid","web/src/docs/reference/components/fluid/Condenser.md","reference","","",""
"Conduction","components","heat","web/src/docs/reference/components/heat/Conduction.md","rich","heat-conduction;transient-heat-rod;heisler-transient;material-conduction","",""
"ContactResistance","components","heat","web/src/docs/reference/components/heat/ContactResistance.md","reference","","",""
"Convection","components","heat","web/src/docs/reference/components/heat/Convection.md","rich","pressure-cooker","gallery:pressure-cooker","gallery:pressure-cooker"
"CoolingCoil","components","moistair","web/src/docs/reference/components/moistair/CoolingCoil.md","reference","","docs/tutorials.md:9","docs/tutorials.md:8;docs/tutorials.md:9"
"CoolingTower","components","liquid","web/src/docs/reference/components/liquid/CoolingTower.md","reference","","",""
"CounterbalanceValve","components","hydraulic","web/src/docs/reference/components/hydraulic/CounterbalanceValve.md","reference","","",""
"CurrentSource","components","electrical","web/src/docs/reference/components/electrical/CurrentSource.md","reference","","gallery:ev-battery-cooling-pid","gallery:ev-battery-cooling-pid"
"DCDCConverter","components","electrical","web/src/docs/reference/components/electrical/DCDCConverter.md","reference","","",""
"DCMotor","components","electrical","web/src/docs/reference/components/electrical/DCMotor.md","reference","","",""
"DesiccantWheel","components","moistair","web/src/docs/reference/components/moistair/DesiccantWheel.md","reference","","",""
"Differential","components","powertrain","web/src/docs/reference/components/powertrain/Differential.md","reference","","",""
"Diffuser","components","moistair","web/src/docs/reference/components/moistair/Diffuser.md","reference","","",""
"Diode","components","electrical","web/src/docs/reference/components/electrical/Diode.md","reference","","",""
"DOAS","components","moistair","web/src/docs/reference/components/moistair/DOAS.md","reference","","",""
"DriveCycleSource","components","powertrain","web/src/docs/reference/components/powertrain/DriveCycleSource.md","reference","","",""
"Duct","components","fluid","web/src/docs/reference/components/fluid/Duct.md","reference","","",""
"Economizer","components","moistair","web/src/docs/reference/components/moistair/Economizer.md","reference","","",""
"EjectorMomentum","components","twophase","web/src/docs/reference/components/twophase/EjectorMomentum.md","reference","","",""
"Electrolyzer","components","electrical","web/src/docs/reference/components/electrical/Electrolyzer.md","reference","","",""
"ElectrolyzerThermal","components","electrical","web/src/docs/reference/components/electrical/ElectrolyzerThermal.md","reference","","",""
"EndStop","components","mechanical","web/src/docs/reference/components/mechanical/EndStop.md","reference","","",""
"Engine","components","powertrain","web/src/docs/reference/components/powertrain/Engine.md","rich","engine-map-2d;engine-cycle-wiebe","gallery:engine-cycle-wiebe","gallery:engine-cycle-wiebe"
"EnthalpyWheel","components","moistair","web/src/docs/reference/components/moistair/EnthalpyWheel.md","reference","","",""
"EvaporativeCooler","components","moistair","web/src/docs/reference/components/moistair/EvaporativeCooler.md","reference","","",""
"ExhaustPipeThermal","components","powertrain","web/src/docs/reference/components/powertrain/ExhaustPipeThermal.md","reference","","",""
"ExpansionValve","components","fluid","web/src/docs/reference/components/fluid/ExpansionValve.md","reference","","",""
"EXV","components","ac","web/src/docs/reference/components/ac/EXV.md","reference","","gallery:ev-battery-cooling-pid","gallery:ev-battery-cooling-pid"
"EXVCmd","components","ac","web/src/docs/reference/components/ac/EXVCmd.md","reference","","gallery:ev-battery-cooling-pid","gallery:ev-battery-cooling-pid;docs/components.md:9"
"FaceAndBypassCoil","components","moistair","web/src/docs/reference/components/moistair/FaceAndBypassCoil.md","reference","","",""
"Fan","components","fluid","web/src/docs/reference/components/fluid/Fan.md","reference","","",""
"FanCoilUnit","components","moistair","web/src/docs/reference/components/moistair/FanCoilUnit.md","reference","","",""
"FanCurve","components","fluid","web/src/docs/reference/components/fluid/FanCurve.md","reference","","help-cycle:auto-cooling-loop","help-cycle:auto-cooling-loop"
"FanMap","components","fluid","web/src/docs/reference/components/fluid/FanMap.md","reference","","",""
"FanPoweredBox","components","moistair","web/src/docs/reference/components/moistair/FanPoweredBox.md","reference","","",""
"FewCellCondenser","components","twophase","web/src/docs/reference/components/twophase/FewCellCondenser.md","reference","","",""
"FewCellEvaporator","components","twophase","web/src/docs/reference/components/twophase/FewCellEvaporator.md","reference","","",""
"FlashTank","components","twophase","web/src/docs/reference/components/twophase/FlashTank.md","reference","","",""
"FlowSensor","components","fluid","web/src/docs/reference/components/fluid/FlowSensor.md","reference","","",""
"ForceSource","components","mechanical","web/src/docs/reference/components/mechanical/ForceSource.md","reference","","",""
"Freewheel","components","mechanical","web/src/docs/reference/components/mechanical/Freewheel.md","reference","","",""
"Friction","components","mechanical","web/src/docs/reference/components/mechanical/Friction.md","reference","","",""
"FuelCellStack","components","electrical","web/src/docs/reference/components/electrical/FuelCellStack.md","reference","","",""
"FuelCellStackCooled","components","electrical","web/src/docs/reference/components/electrical/FuelCellStackCooled.md","reference","","",""
"GasCooler","components","twophase","web/src/docs/reference/components/twophase/GasCooler.md","reference","","",""
"GasMixer","components","pneumatic","web/src/docs/reference/components/pneumatic/GasMixer.md","reference","","",""
"GasMixerN","components","pneumatic","web/src/docs/reference/components/pneumatic/GasMixerN.md","reference","","",""
"GasPipe","components","pneumatic","web/src/docs/reference/components/pneumatic/GasPipe.md","reference","","",""
"GasSource","components","pneumatic","web/src/docs/reference/components/pneumatic/GasSource.md","reference","","",""
"Gear","components","mechanical","web/src/docs/reference/components/mechanical/Gear.md","reference","","",""
"GearboxScheduled","components","powertrain","web/src/docs/reference/components/powertrain/GearboxScheduled.md","reference","","",""
"GradeProfile","components","powertrain","web/src/docs/reference/components/powertrain/GradeProfile.md","reference","","",""
"GradeRoadLoad","components","powertrain","web/src/docs/reference/components/powertrain/GradeRoadLoad.md","reference","","",""
"GravityDrain","components","liquid","web/src/docs/reference/components/liquid/GravityDrain.md","reference","","",""
"Ground","components","electrical","web/src/docs/reference/components/electrical/Ground.md","rich","pressure-cooker","gallery:pressure-cooker;gallery:ev-battery-cooling-pid","gallery:pressure-cooker;gallery:ev-battery-cooling-pid"
"HarnessResistance","components","electrical","web/src/docs/reference/components/electrical/HarnessResistance.md","reference","","",""
"HeatedDuct","components","fluid","web/src/docs/reference/components/fluid/HeatedDuct.md","reference","","",""
"HeaterCore","components","ac","web/src/docs/reference/components/ac/HeaterCore.md","reference","","",""
"HeatExchanger","components","fluid","web/src/docs/reference/components/fluid/HeatExchanger.md","reference","","",""
"HeatingCoil","components","moistair","web/src/docs/reference/components/moistair/HeatingCoil.md","reference","","",""
"HeatingResistor","components","electrical","web/src/docs/reference/components/electrical/HeatingResistor.md","rich","pressure-cooker","gallery:pressure-cooker","gallery:pressure-cooker"
"HeatPipe","components","heat","web/src/docs/reference/components/heat/HeatPipe.md","reference","","",""
"HeatPipeWrapAround","components","moistair","web/src/docs/reference/components/moistair/HeatPipeWrapAround.md","reference","","",""
"HeatSource","components","heat","web/src/docs/reference/components/heat/HeatSource.md","reference","","",""
"Humidifier","components","moistair","web/src/docs/reference/components/moistair/Humidifier.md","reference","","",""
"HybridPowerSplit","components","powertrain","web/src/docs/reference/components/powertrain/HybridPowerSplit.md","reference","","",""
"HydraulicAccumulator","components","hydraulic","web/src/docs/reference/components/hydraulic/HydraulicAccumulator.md","reference","","",""
"HydraulicCheckValve","components","hydraulic","web/src/docs/reference/components/hydraulic/HydraulicCheckValve.md","reference","","",""
"HydraulicCylinder","components","hydraulic","web/src/docs/reference/components/hydraulic/HydraulicCylinder.md","reference","","",""
"HydraulicDoubleActingCylinder","components","hydraulic","web/src/docs/reference/components/hydraulic/HydraulicDoubleActingCylinder.md","reference","","",""
"HydraulicFlowControl","components","hydraulic","web/src/docs/reference/components/hydraulic/HydraulicFlowControl.md","reference","","",""
"HydraulicFlowDivider","components","hydraulic","web/src/docs/reference/components/hydraulic/HydraulicFlowDivider.md","reference","","",""
"HydraulicMotor","components","hydraulic","web/src/docs/reference/components/hydraulic/HydraulicMotor.md","reference","","",""
"HydraulicOrifice","components","hydraulic","web/src/docs/reference/components/hydraulic/HydraulicOrifice.md","reference","","",""
"HydraulicPilotCheckValve","components","hydraulic","web/src/docs/reference/components/hydraulic/HydraulicPilotCheckValve.md","reference","","",""
"HydraulicPipe","components","hydraulic","web/src/docs/reference/components/hydraulic/HydraulicPipe.md","reference","","",""
"HydraulicPump","components","hydraulic","web/src/docs/reference/components/hydraulic/HydraulicPump.md","reference","","",""
"HydraulicResistance","components","hydraulic","web/src/docs/reference/components/hydraulic/HydraulicResistance.md","reference","","",""
"HydraulicSequenceValve","components","hydraulic","web/src/docs/reference/components/hydraulic/HydraulicSequenceValve.md","reference","","",""
"HydraulicSupply","components","hydraulic","web/src/docs/reference/components/hydraulic/HydraulicSupply.md","reference","","",""
"HydraulicTank","components","hydraulic","web/src/docs/reference/components/hydraulic/HydraulicTank.md","reference","","",""
"HydraulicThermalVolume","components","hydraulic","web/src/docs/reference/components/hydraulic/HydraulicThermalVolume.md","reference","","",""
"HydraulicValve","components","hydraulic","web/src/docs/reference/components/hydraulic/HydraulicValve.md","reference","","",""
"HydraulicValveCmd","components","hydraulic","web/src/docs/reference/components/hydraulic/HydraulicValveCmd.md","reference","","",""
"HydraulicVolume","components","hydraulic","web/src/docs/reference/components/hydraulic/HydraulicVolume.md","reference","","",""
"HydroTurbine","components","liquid","web/src/docs/reference/components/liquid/HydroTurbine.md","reference","","",""
"IceStorageBrine","components","liquid","web/src/docs/reference/components/liquid/IceStorageBrine.md","reference","","",""
"IndirectDirectEvaporativeCooler","components","moistair","web/src/docs/reference/components/moistair/IndirectDirectEvaporativeCooler.md","reference","","",""
"IndirectEvaporativeCooler","components","moistair","web/src/docs/reference/components/moistair/IndirectEvaporativeCooler.md","reference","","",""
"InductionUnit","components","moistair","web/src/docs/reference/components/moistair/InductionUnit.md","reference","","",""
"Inductor","components","electrical","web/src/docs/reference/components/electrical/Inductor.md","reference","","",""
"Inertia","components","mechanical","web/src/docs/reference/components/mechanical/Inertia.md","reference","","",""
"Infiltration","components","moistair","web/src/docs/reference/components/moistair/Infiltration.md","reference","","",""
"InverterLoss","components","electrical","web/src/docs/reference/components/electrical/InverterLoss.md","reference","","",""
"Lever","components","mechanical","web/src/docs/reference/components/mechanical/Lever.md","reference","","",""
"LiquidCheckValve","components","liquid","web/src/docs/reference/components/liquid/LiquidCheckValve.md","reference","","",""
"LiquidColdPlate","components","liquid","web/src/docs/reference/components/liquid/LiquidColdPlate.md","reference","","",""
"LiquidDesiccantContactor","components","moistair","web/src/docs/reference/components/moistair/LiquidDesiccantContactor.md","reference","","",""
"LiquidExpansionTank","components","liquid","web/src/docs/reference/components/liquid/LiquidExpansionTank.md","reference","","",""
"LiquidMixer","components","liquid","web/src/docs/reference/components/liquid/LiquidMixer.md","rich","ev-thermal-management","gallery:ev-thermal-management","gallery:ev-thermal-management"
"LiquidOrifice","components","liquid","web/src/docs/reference/components/liquid/LiquidOrifice.md","rich","ev-thermal-management","gallery:ev-thermal-management","gallery:ev-thermal-management"
"LiquidPipe","components","liquid","web/src/docs/reference/components/liquid/LiquidPipe.md","reference","","",""
"LiquidPump","components","liquid","web/src/docs/reference/components/liquid/LiquidPump.md","rich","ev-thermal-management","gallery:ev-thermal-management","gallery:ev-thermal-management"
"LiquidPumpMap","components","liquid","web/src/docs/reference/components/liquid/LiquidPumpMap.md","reference","","",""
"LiquidSink","components","liquid","web/src/docs/reference/components/liquid/LiquidSink.md","rich","ev-thermal-management","gallery:ev-thermal-management;gallery:ev-battery-cooling-pid","gallery:ev-thermal-management;gallery:ev-battery-cooling-pid"
"LiquidSource","components","liquid","web/src/docs/reference/components/liquid/LiquidSource.md","rich","ev-thermal-management","gallery:ev-thermal-management;gallery:ev-battery-cooling-pid","gallery:ev-thermal-management;gallery:ev-battery-cooling-pid"
"LiquidTank","components","liquid","web/src/docs/reference/components/liquid/LiquidTank.md","reference","","",""
"LiquidThermostat","components","liquid","web/src/docs/reference/components/liquid/LiquidThermostat.md","reference","","",""
"LiquidThreeWayValve","components","liquid","web/src/docs/reference/components/liquid/LiquidThreeWayValve.md","reference","","",""
"LiquidVolume","components","liquid","web/src/docs/reference/components/liquid/LiquidVolume.md","reference","","",""
"LiquidWallHX","components","liquid","web/src/docs/reference/components/liquid/LiquidWallHX.md","rich","ev-thermal-management","gallery:ev-thermal-management;gallery:ev-battery-cooling-pid","gallery:ev-thermal-management;gallery:ev-battery-cooling-pid;docs/components.md:13"
"LoadSensingPump","components","hydraulic","web/src/docs/reference/components/hydraulic/LoadSensingPump.md","reference","","",""
"MassGen","components","heat","web/src/docs/reference/components/heat/MassGen.md","rich","ev-thermal-management","gallery:ev-thermal-management","gallery:ev-thermal-management;docs/components.md:13"
"MeanValueEngine","components","powertrain","web/src/docs/reference/components/powertrain/MeanValueEngine.md","reference","","",""
"MechGround","components","mechanical","web/src/docs/reference/components/mechanical/MechGround.md","reference","","",""
"MembraneHumidifier","components","moistair","web/src/docs/reference/components/moistair/MembraneHumidifier.md","reference","","",""
"Mixer","components","fluid","web/src/docs/reference/components/fluid/Mixer.md","reference","","",""
"MixingBox","components","moistair","web/src/docs/reference/components/moistair/MixingBox.md","reference","","",""
"MoistAirDamper","components","moistair","web/src/docs/reference/components/moistair/MoistAirDamper.md","reference","","",""
"MoistAirDuct","components","moistair","web/src/docs/reference/components/moistair/MoistAirDuct.md","reference","","",""
"MoistAirFan","components","moistair","web/src/docs/reference/components/moistair/MoistAirFan.md","reference","","",""
"MoistAirSink","components","moistair","web/src/docs/reference/components/moistair/MoistAirSink.md","reference","","docs/tutorials.md:9","docs/tutorials.md:8;docs/tutorials.md:9"
"MoistAirSource","components","moistair","web/src/docs/reference/components/moistair/MoistAirSource.md","reference","","docs/tutorials.md:9","docs/tutorials.md:8;docs/tutorials.md:9"
"MoistAirWallHX","components","moistair","web/src/docs/reference/components/moistair/MoistAirWallHX.md","reference","","",""
"MotorMap","components","electrical","web/src/docs/reference/components/electrical/MotorMap.md","reference","","",""
"MovingBoundaryCondenser","components","twophase","web/src/docs/reference/components/twophase/MovingBoundaryCondenser.md","reference","","",""
"MovingBoundaryEvaporator","components","twophase","web/src/docs/reference/components/twophase/MovingBoundaryEvaporator.md","reference","","",""
"MPPTBlock","components","electrical","web/src/docs/reference/components/electrical/MPPTBlock.md","reference","","",""
"MultiZoneWall","components","heat","web/src/docs/reference/components/heat/MultiZoneWall.md","reference","","",""
"Nozzle","components","fluid","web/src/docs/reference/components/fluid/Nozzle.md","rich","cd-nozzle-shock","",""
"OilSeparator","components","twophase","web/src/docs/reference/components/twophase/OilSeparator.md","reference","","",""
"OpenTank","components","liquid","web/src/docs/reference/components/liquid/OpenTank.md","reference","","",""
"PCMMass","components","heat","web/src/docs/reference/components/heat/PCMMass.md","reference","","",""
"PeltierTEC","components","heat","web/src/docs/reference/components/heat/PeltierTEC.md","reference","","",""
"Pipe","components","fluid","web/src/docs/reference/components/fluid/Pipe.md","reference","","docs/components.md:2;docs/getting_started.md:6;docs/journeys.md:2","docs/components.md:1;docs/components.md:2;docs/components.md:7;docs/getting_started.md:6;docs/journeys.md:2"
"PIThermostat","components","control","web/src/docs/reference/components/control/PIThermostat.md","reference","","",""
"Planetary","components","mechanical","web/src/docs/reference/components/mechanical/Planetary.md","reference","","",""
"PMSM","components","electrical","web/src/docs/reference/components/electrical/PMSM.md","reference","","",""
"PneumaticActuator","components","pneumatic","web/src/docs/reference/components/pneumatic/PneumaticActuator.md","reference","","",""
"PneumaticAtmosphere","components","pneumatic","web/src/docs/reference/components/pneumatic/PneumaticAtmosphere.md","reference","","",""
"PneumaticCheckValve","components","pneumatic","web/src/docs/reference/components/pneumatic/PneumaticCheckValve.md","reference","","",""
"PneumaticDoubleActingCylinder","components","pneumatic","web/src/docs/reference/components/pneumatic/PneumaticDoubleActingCylinder.md","reference","","",""
"PneumaticOrifice","components","pneumatic","web/src/docs/reference/components/pneumatic/PneumaticOrifice.md","reference","","",""
"PneumaticServoValve","components","pneumatic","web/src/docs/reference/components/pneumatic/PneumaticServoValve.md","reference","","",""
"PneumaticServoValveCmd","components","pneumatic","web/src/docs/reference/components/pneumatic/PneumaticServoValveCmd.md","reference","","",""
"PneumaticSupply","components","pneumatic","web/src/docs/reference/components/pneumatic/PneumaticSupply.md","reference","","",""
"PneumaticThermalVolume","components","pneumatic","web/src/docs/reference/components/pneumatic/PneumaticThermalVolume.md","reference","","",""
"PneumaticValve32","components","pneumatic","web/src/docs/reference/components/pneumatic/PneumaticValve32.md","reference","","",""
"PneumaticValve52","components","pneumatic","web/src/docs/reference/components/pneumatic/PneumaticValve52.md","reference","","",""
"PneumaticVolume","components","pneumatic","web/src/docs/reference/components/pneumatic/PneumaticVolume.md","reference","","",""
"Propeller","components","fluid","web/src/docs/reference/components/fluid/Propeller.md","reference","","",""
"ProportionalReliefValve","components","twophase","web/src/docs/reference/components/twophase/ProportionalReliefValve.md","rich","pressure-cooker","gallery:pressure-cooker","gallery:pressure-cooker"
"Pump","components","fluid","web/src/docs/reference/components/fluid/Pump.md","rich","pump-sizing;rankine-cycle","gallery:ev-thermal-management","gallery:ev-thermal-management"
"PumpMap","components","fluid","web/src/docs/reference/components/fluid/PumpMap.md","reference","","",""
"PVSingleDiode","components","electrical","web/src/docs/reference/components/electrical/PVSingleDiode.md","reference","","",""
"QuarterCar","components","powertrain","web/src/docs/reference/components/powertrain/QuarterCar.md","reference","","",""
"RackPinion","components","mechanical","web/src/docs/reference/components/mechanical/RackPinion.md","reference","","",""
"RadiantPanel","components","moistair","web/src/docs/reference/components/moistair/RadiantPanel.md","reference","","",""
"Radiation","components","heat","web/src/docs/reference/components/heat/Radiation.md","rich","radiation-view-factors","",""
"RadiationTwoSurface","components","heat","web/src/docs/reference/components/heat/RadiationTwoSurface.md","reference","","",""
"Radiator","components","ac","web/src/docs/reference/components/ac/Radiator.md","reference","","",""
"Regenerator","components","fluid","web/src/docs/reference/components/fluid/Regenerator.md","reference","","",""
"ReliefValve","components","hydraulic","web/src/docs/reference/components/hydraulic/ReliefValve.md","reference","","",""
"Resistor","components","electrical","web/src/docs/reference/components/electrical/Resistor.md","reference","","",""
"ReversingValve","components","twophase","web/src/docs/reference/components/twophase/ReversingValve.md","reference","","",""
"RoadLoad","components","powertrain","web/src/docs/reference/components/powertrain/RoadLoad.md","reference","","",""
"RotationalDamper","components","mechanical","web/src/docs/reference/components/mechanical/RotationalDamper.md","reference","","",""
"RotationalSpring","components","mechanical","web/src/docs/reference/components/mechanical/RotationalSpring.md","reference","","",""
"ScrewDrive","components","mechanical","web/src/docs/reference/components/mechanical/ScrewDrive.md","reference","","",""
"SensibleAirToAirHX","components","moistair","web/src/docs/reference/components/moistair/SensibleAirToAirHX.md","reference","","",""
"ServoValveDynamic","components","hydraulic","web/src/docs/reference/components/hydraulic/ServoValveDynamic.md","reference","","",""
"SigAbs","components","signal","web/src/docs/reference/components/signal/SigAbs.md","reference","","",""
"SigBias","components","signal","web/src/docs/reference/components/signal/SigBias.md","reference","","",""
"SigConstant","components","signal","web/src/docs/reference/components/signal/SigConstant.md","reference","","gallery:ev-battery-cooling-pid","gallery:ev-battery-cooling-pid"
"SigDeadband","components","signal","web/src/docs/reference/components/signal/SigDeadband.md","reference","","",""
"SigDerivative","components","signal","web/src/docs/reference/components/signal/SigDerivative.md","reference","","",""
"SigDiff","components","signal","web/src/docs/reference/components/signal/SigDiff.md","reference","","",""
"SigDivide","components","signal","web/src/docs/reference/components/signal/SigDivide.md","reference","","",""
"SigFirstOrder","components","signal","web/src/docs/reference/components/signal/SigFirstOrder.md","reference","","",""
"SigGain","components","signal","web/src/docs/reference/components/signal/SigGain.md","reference","","",""
"SigIntegrator","components","signal","web/src/docs/reference/components/signal/SigIntegrator.md","reference","","",""
"SigLeadLag","components","signal","web/src/docs/reference/components/signal/SigLeadLag.md","reference","","",""
"SigMap","components","signal","web/src/docs/reference/components/signal/SigMap.md","reference","","",""
"SigMap2","components","signal","web/src/docs/reference/components/signal/SigMap2.md","reference","","",""
"SigMax","components","signal","web/src/docs/reference/components/signal/SigMax.md","reference","","",""
"SigMin","components","signal","web/src/docs/reference/components/signal/SigMin.md","reference","","",""
"SigPID","components","signal","web/src/docs/reference/components/signal/SigPID.md","reference","","gallery:ev-battery-cooling-pid","gallery:ev-battery-cooling-pid"
"SigProduct","components","signal","web/src/docs/reference/components/signal/SigProduct.md","reference","","",""
"SigPulse","components","signal","web/src/docs/reference/components/signal/SigPulse.md","reference","","",""
"SigRamp","components","signal","web/src/docs/reference/components/signal/SigRamp.md","reference","","",""
"SigRateLimiter","components","signal","web/src/docs/reference/components/signal/SigRateLimiter.md","reference","","",""
"SigRelay","components","signal","web/src/docs/reference/components/signal/SigRelay.md","reference","","",""
"SigSaturation","components","signal","web/src/docs/reference/components/signal/SigSaturation.md","reference","","",""
"SigSecondOrder","components","signal","web/src/docs/reference/components/signal/SigSecondOrder.md","reference","","",""
"SigSine","components","signal","web/src/docs/reference/components/signal/SigSine.md","reference","","","docs/components.md:9"
"SigSpeedProbe","components","signal","web/src/docs/reference/components/signal/SigSpeedProbe.md","reference","","",""
"SigStep","components","signal","web/src/docs/reference/components/signal/SigStep.md","reference","","",""
"SigSum","components","signal","web/src/docs/reference/components/signal/SigSum.md","reference","","",""
"SigSwitch","components","signal","web/src/docs/reference/components/signal/SigSwitch.md","reference","","",""
"SigTable","components","signal","web/src/docs/reference/components/signal/SigTable.md","reference","","",""
"SigThermalProbe","components","signal","web/src/docs/reference/components/signal/SigThermalProbe.md","reference","","gallery:ev-battery-cooling-pid","gallery:ev-battery-cooling-pid"
"SigTime","components","signal","web/src/docs/reference/components/signal/SigTime.md","reference","","",""
"SigVelProbe","components","signal","web/src/docs/reference/components/signal/SigVelProbe.md","reference","","",""
"Sink","components","fluid","web/src/docs/reference/components/fluid/Sink.md","reference","","docs/components.md:2;docs/components.md:11;docs/getting_started.md:6;docs/journeys.md:2","docs/components.md:2;docs/components.md:7;docs/components.md:11;docs/getting_started.md:6;docs/journeys.md:2"
"SolarArray","components","electrical","web/src/docs/reference/components/electrical/SolarArray.md","reference","","",""
"Source","components","fluid","web/src/docs/reference/components/fluid/Source.md","reference","","docs/components.md:2;docs/components.md:11;docs/getting_started.md:6;docs/journeys.md:2","docs/components.md:1;docs/components.md:2;docs/components.md:7;docs/components.md:11;docs/getting_started.md:6;docs/journeys.md:2"
"SpeedSource","components","mechanical","web/src/docs/reference/components/mechanical/SpeedSource.md","reference","","",""
"Splitter","components","fluid","web/src/docs/reference/components/fluid/Splitter.md","reference","","",""
"SteamHumidifier","components","moistair","web/src/docs/reference/components/moistair/SteamHumidifier.md","reference","","",""
"SteamReliefValve","components","twophase","web/src/docs/reference/components/twophase/SteamReliefValve.md","reference","","",""
"SuctionAccumulator","components","twophase","web/src/docs/reference/components/twophase/SuctionAccumulator.md","reference","","",""
"Supercapacitor","components","electrical","web/src/docs/reference/components/electrical/Supercapacitor.md","reference","","",""
"SupervisoryECMS","components","signal","web/src/docs/reference/components/signal/SupervisoryECMS.md","reference","","",""
"ThermalFuse","components","electrical","web/src/docs/reference/components/electrical/ThermalFuse.md","reference","","",""
"ThermalMass","components","heat","web/src/docs/reference/components/heat/ThermalMass.md","rich","pressure-cooker","gallery:pressure-cooker","gallery:pressure-cooker"
"ThermalSensor","components","heat","web/src/docs/reference/components/heat/ThermalSensor.md","reference","","",""
"ThermalSource","components","heat","web/src/docs/reference/components/heat/ThermalSource.md","rich","ev-thermal-management","gallery:ev-thermal-management","gallery:ev-thermal-management"
"ThermalStorageTank","components","liquid","web/src/docs/reference/components/liquid/ThermalStorageTank.md","reference","","",""
"ThermalSwitch","components","heat","web/src/docs/reference/components/heat/ThermalSwitch.md","reference","","",""
"ThreeZoneHX","components","twophase","web/src/docs/reference/components/twophase/ThreeZoneHX.md","reference","","",""
"Throttle","components","fluid","web/src/docs/reference/components/fluid/Throttle.md","reference","","",""
"TireLongitudinal","components","powertrain","web/src/docs/reference/components/powertrain/TireLongitudinal.md","reference","","",""
"TirePacejka","components","powertrain","web/src/docs/reference/components/powertrain/TirePacejka.md","reference","","",""
"TorqueConverter","components","powertrain","web/src/docs/reference/components/powertrain/TorqueConverter.md","reference","","",""
"TorqueSource","components","mechanical","web/src/docs/reference/components/mechanical/TorqueSource.md","reference","","",""
"TorsionalBacklash","components","mechanical","web/src/docs/reference/components/mechanical/TorsionalBacklash.md","reference","","",""
"TotalEnergyExchanger","components","moistair","web/src/docs/reference/components/moistair/TotalEnergyExchanger.md","reference","","",""
"TranscriticalBackPressureValve","components","twophase","web/src/docs/reference/components/twophase/TranscriticalBackPressureValve.md","reference","","",""
"TransDamper","components","mechanical","web/src/docs/reference/components/mechanical/TransDamper.md","reference","","",""
"TransGround","components","mechanical","web/src/docs/reference/components/mechanical/TransGround.md","reference","","",""
"TransMass","components","mechanical","web/src/docs/reference/components/mechanical/TransMass.md","reference","","",""
"Transmission","components","powertrain","web/src/docs/reference/components/powertrain/Transmission.md","reference","","",""
"TransSpring","components","mechanical","web/src/docs/reference/components/mechanical/TransSpring.md","reference","","",""
"Turbine","components","fluid","web/src/docs/reference/components/fluid/Turbine.md","reference","","",""
"Turbocharger","components","fluid","web/src/docs/reference/components/fluid/Turbocharger.md","reference","","",""
"TwoPhaseCap","components","twophase","web/src/docs/reference/components/twophase/TwoPhaseCap.md","reference","","",""
"TwoPhaseChamber","components","twophase","web/src/docs/reference/components/twophase/TwoPhaseChamber.md","reference","","",""
"TwoPhaseCompressor","components","twophase","web/src/docs/reference/components/twophase/TwoPhaseCompressor.md","rich","ev-thermal-management","gallery:ev-thermal-management","gallery:ev-thermal-management"
"TwoPhaseCondenser","components","twophase","web/src/docs/reference/components/twophase/TwoPhaseCondenser.md","reference","","",""
"TwoPhaseCondenserFloat","components","twophase","web/src/docs/reference/components/twophase/TwoPhaseCondenserFloat.md","rich","ev-thermal-management","gallery:ev-thermal-management","gallery:ev-thermal-management"
"TwoPhaseCondenserUA","components","twophase","web/src/docs/reference/components/twophase/TwoPhaseCondenserUA.md","reference","","",""
"TwoPhaseEjector","components","twophase","web/src/docs/reference/components/twophase/TwoPhaseEjector.md","reference","","",""
"TwoPhaseEnthalpySource","components","twophase","web/src/docs/reference/components/twophase/TwoPhaseEnthalpySource.md","reference","","",""
"TwoPhaseEvaporator","components","twophase","web/src/docs/reference/components/twophase/TwoPhaseEvaporator.md","reference","","",""
"TwoPhaseEvaporatorUA","components","twophase","web/src/docs/reference/components/twophase/TwoPhaseEvaporatorUA.md","rich","ev-thermal-management","gallery:ev-thermal-management","gallery:ev-thermal-management"
"TwoPhaseExpansionValve","components","twophase","web/src/docs/reference/components/twophase/TwoPhaseExpansionValve.md","reference","","",""
"TwoPhaseFlowRes","components","twophase","web/src/docs/reference/components/twophase/TwoPhaseFlowRes.md","reference","","",""
"TwoPhaseInternalHX","components","twophase","web/src/docs/reference/components/twophase/TwoPhaseInternalHX.md","reference","","",""
"TwoPhaseInventory","components","twophase","web/src/docs/reference/components/twophase/TwoPhaseInventory.md","reference","","",""
"TwoPhaseMixer","components","twophase","web/src/docs/reference/components/twophase/TwoPhaseMixer.md","rich","ev-thermal-management","gallery:ev-thermal-management","gallery:ev-thermal-management"
"TwoPhaseOilRider","components","twophase","web/src/docs/reference/components/twophase/TwoPhaseOilRider.md","reference","","",""
"TwoPhasePipe","components","twophase","web/src/docs/reference/components/twophase/TwoPhasePipe.md","reference","","",""
"TwoPhasePressureSink","components","twophase","web/src/docs/reference/components/twophase/TwoPhasePressureSink.md","rich","pressure-cooker","gallery:pressure-cooker;gallery:ev-battery-cooling-pid","gallery:pressure-cooker;gallery:ev-battery-cooling-pid"
"TwoPhasePressureSource","components","twophase","web/src/docs/reference/components/twophase/TwoPhasePressureSource.md","rich","ev-thermal-management","gallery:ev-thermal-management","gallery:ev-thermal-management"
"TwoPhaseReceiver","components","twophase","web/src/docs/reference/components/twophase/TwoPhaseReceiver.md","reference","","",""
"TwoPhaseSensor","components","twophase","web/src/docs/reference/components/twophase/TwoPhaseSensor.md","reference","","",""
"TwoPhaseShortTube","components","twophase","web/src/docs/reference/components/twophase/TwoPhaseShortTube.md","reference","","",""
"TwoPhaseSink","components","twophase","web/src/docs/reference/components/twophase/TwoPhaseSink.md","rich","ev-thermal-management","gallery:ev-thermal-management","gallery:ev-thermal-management"
"TwoPhaseSource","components","twophase","web/src/docs/reference/components/twophase/TwoPhaseSource.md","reference","","",""
"TwoPhaseSourcePH","components","twophase","web/src/docs/reference/components/twophase/TwoPhaseSourcePH.md","reference","","",""
"TwoPhaseVolume","components","twophase","web/src/docs/reference/components/twophase/TwoPhaseVolume.md","reference","","",""
"TwoZoneHX","components","fluid","web/src/docs/reference/components/fluid/TwoZoneHX.md","reference","","",""
"TXV","components","ac","web/src/docs/reference/components/ac/TXV.md","reference","","",""
"TXVSuperheat","components","twophase","web/src/docs/reference/components/twophase/TXVSuperheat.md","reference","","",""
"VacuumEjector","components","pneumatic","web/src/docs/reference/components/pneumatic/VacuumEjector.md","reference","","",""
"Valve","components","fluid","web/src/docs/reference/components/fluid/Valve.md","reference","","","docs/components.md:9"
"VAVBox","components","moistair","web/src/docs/reference/components/moistair/VAVBox.md","reference","","",""
"VehicleBody","components","powertrain","web/src/docs/reference/components/powertrain/VehicleBody.md","reference","","",""
"VoltageSource","components","electrical","web/src/docs/reference/components/electrical/VoltageSource.md","rich","pressure-cooker","gallery:pressure-cooker","gallery:pressure-cooker"
"WallRC","components","heat","web/src/docs/reference/components/heat/WallRC.md","reference","","",""
"WheelBrakeThermal","components","mechanical","web/src/docs/reference/components/mechanical/WheelBrakeThermal.md","reference","","",""
"WindRotor","components","powertrain","web/src/docs/reference/components/powertrain/WindRotor.md","reference","","",""
"ZoneCO2","components","signal","web/src/docs/reference/components/signal/ZoneCO2.md","reference","","",""
"apart","replCasOps","","web/src/docs/reference/cas/apart.md","reference","","",""
"cancel","replCasOps","","web/src/docs/reference/cas/cancel.md","reference","","",""
"collect","replCasOps","","web/src/docs/reference/cas/collect.md","reference","","",""
"denominator","replCasOps","","web/src/docs/reference/cas/denominator.md","reference","","",""
"diff","replCasOps","","web/src/docs/reference/cas/diff.md","reference","","",""
"expand","replCasOps","","web/src/docs/reference/cas/expand.md","reference","","",""
"factor","replCasOps","","web/src/docs/reference/cas/factor.md","reference","","",""
"ilaplace","replCasOps","","web/src/docs/reference/cas/ilaplace.md","reference","","",""
"integrate","replCasOps","","web/src/docs/reference/cas/integrate.md","reference","","",""
"inverselaplace","replCasOps","","web/src/docs/reference/cas/inverselaplace.md","reference","","",""
"laplace","replCasOps","","web/src/docs/reference/cas/laplace.md","reference","","",""
"numerator","replCasOps","","web/src/docs/reference/cas/numerator.md","reference","","",""
"simplify","replCasOps","","web/src/docs/reference/cas/simplify.md","reference","","",""
"together","replCasOps","","web/src/docs/reference/cas/together.md","reference","","",""
"k_","materials","Materials","web/src/docs/reference/materials/k_.md","stub","material-conduction","gallery:material-conduction","gallery:material-conduction;docs/fluids_materials.md:2"
"c_","materials","Materials","web/src/docs/reference/materials/c_.md","stub","","",""
"rho_","materials","Materials","web/src/docs/reference/materials/rho_.md","stub","multi-objective-beam","gallery:multi-objective-beam","gallery:multi-objective-beam"
"E_","materials","Materials","web/src/docs/reference/materials/E_.md","stub","multi-objective-beam","gallery:multi-objective-beam","gallery:multi-objective-beam"
"nu_","materials","Materials","web/src/docs/reference/materials/nu_.md","stub","","",""
